,ID,file,dataset,area,genotype,node,base_x,base_y,tip_x,tip_y
1,1001,1001-27.jpg,apple,14.717,Malus domestica,NA,7580,5841,7289.167,2433.5
2,1001,1001-29.jpg,apple,13.672,Malus domestica,NA,1232,5824,639.5,2543.5
3,1001,1001-30.jpg,apple,15.943,Malus domestica,NA,5648,5968,4959.5,2879.5
4,1001,1001-31.jpg,apple,17.978,Malus domestica,NA,2272,4800,2895.5,8703.5
5,1001,1001-32.jpg,apple,15.613,Malus domestica,NA,6928,4976,6975.5,8319.5
6,1001,1001-33.jpg,apple,15.08,Malus domestica,NA,4417,5252,4800.5,8485.5
7,1001,1001-34.jpg,apple,12.194,Malus domestica,NA,768,5522,803.5,8761.5
8,1010,1010-682.jpg,apple,13.813,Malus domestica,NA,5141,348,7948.5,1361.5
9,1010,1010-683.jpg,apple,11.039,Malus domestica,NA,5744,1620,2515.5,1619.5
10,1010,1010-685.jpg,apple,16.142,Malus domestica,NA,972,5532,755.5,2045.5
11,1010,1010-688.jpg,apple,18.152,Malus domestica,NA,4579,5064,5602.5,8775.5
12,1010,1010-689.jpg,apple,17.927,Malus domestica,NA,1758,5140,1043.5,8883.5
13,1010,1010-691.jpg,apple,16.274,Malus domestica,NA,3352,5810,3291.5,8857.5
14,1014,1014-2-693.jpg,apple,35.442,Malus domestica,NA,5443,5400,5346.5,631.5
15,1014,1014-2-694.jpg,apple,30.783,Malus domestica,NA,2624,5304,2695.5,711.5
16,1014,1014-2-695.jpg,apple,40.303,Malus domestica,NA,6595,3288,6594.5,8407.5
17,1014,1014-2-696.jpg,apple,38.054,Malus domestica,NA,1360,3840,823.5,8567.5
18,1014,1014-2-697.jpg,apple,31.55,Malus domestica,NA,4196,4020,3979.5,8595.5
19,1014,1014-699.jpg,apple,40.248,Malus domestica,NA,2440,5384,2855.5,367.5
20,1014,1014-701.jpg,apple,40.228,Malus domestica,NA,3839,3788,4182.5,8563.5
21,1014,1014-702.jpg,apple,31.277,Malus domestica,NA,1224,4084,975.5,8715.5
22,1014,1014-703.jpg,apple,30.632,Malus domestica,NA,6851,4328,6818.5,8735.5
23,1023,1023-706.jpg,apple,25.743,Malus domestica,NA,6348,2560,2131.5,687.5
24,1023,1023-707.jpg,apple,20.84,Malus domestica,NA,376,6176,1543.5,1583.5
25,1023,1023-708.jpg,apple,14.078,Malus domestica,NA,5939,5514,7498.5,2267.5
26,1023,1023-709.jpg,apple,15.542,Malus domestica,NA,2124,5844,3467.5,2627.5
27,1023,1023-710.jpg,apple,17.19,Malus domestica,NA,4191,6372,4826.5,2675.5
28,1023,1023-711.jpg,apple,23.022,Malus domestica,NA,3764,4408,2499.5,9047.5
29,1023,1023-712.jpg,apple,17.682,Malus domestica,NA,7043,4598,6616.5,8725.5
30,1029,1029-2-727.jpg,apple,26.936,Malus domestica,NA,1088,5908,1183.5,1203.5
31,1029,1029-2-728.jpg,apple,19.323,Malus domestica,NA,3965,5304,3988.5,1223.5
32,1029,1029-2-729.jpg,apple,21.551,Malus domestica,NA,5909,5342,6130.5,1417.5
33,1029,1029-2-730.jpg,apple,25.304,Malus domestica,NA,6665,4228,6466.5,8487.5
34,1029,1029-2-731.jpg,apple,26.468,Malus domestica,NA,2380,4294,2007.5,8705.5
35,1029,1029-2-732.jpg,apple,22.95,Malus domestica,NA,4913,4544,4528.5,8851.5
36,1029,1029-734.jpg,apple,20.439,Malus domestica,NA,3084,5166,3419.5,1187.5
37,1029,1029-735.jpg,apple,25.931,Malus domestica,NA,6233,5742,6052.5,1277.5
38,1029,1029-736.jpg,apple,26.248,Malus domestica,NA,1408,4062,1607.5,8461.5
39,1029,1029-737.jpg,apple,24.166,Malus domestica,NA,4385,4096,4822.5,8233.5
40,1031,1031-2-474.jpg,apple,21.687,Malus domestica,NA,3284,1248,6867.5,1191.5
41,1031,1031-2-475.jpg,apple,27.532,Malus domestica,NA,1840,5650,1655.5,1897.5
42,1031,1031-2-476.jpg,apple,25.171,Malus domestica,NA,3973,5982,3810.5,2069.5
43,1031,1031-2-477.jpg,apple,25.192,Malus domestica,NA,6426,5644,6557.5,2139.5
44,1031,1031-2-478.jpg,apple,20.187,Malus domestica,NA,1122,5080,905.5,8871.5
45,1031,1031-2-479.jpg,apple,19.421,Malus domestica,NA,3083,5120,2800.5,8629.5
46,1031,1031-483.jpg,apple,20.867,Malus domestica,NA,6288,6658,5291.5,3183.5
47,1031,1031-484.jpg,apple,17.626,Malus domestica,NA,2045,7936,3040.5,4593.5
48,1035,1035-740.jpg,apple,15.466,Malus domestica,NA,5917,1848,1739.5,2183.5
49,1035,1035-741.jpg,apple,16.136,Malus domestica,NA,588,5448,1331.5,2421.5
50,1035,1035-742.jpg,apple,13.187,Malus domestica,NA,3985,6220,5064.5,2703.5
51,1035,1035-744.jpg,apple,16.411,Malus domestica,NA,1800,6320,3279.5,2943.5
52,1035,1035-748.jpg,apple,14.983,Malus domestica,NA,2848,5558,3393.5,9145.5
53,1037,1037-2-531.jpg,apple,22.804,Malus domestica,NA,5769,5760,5204.5,1313.5
54,1037,1037-2-533.jpg,apple,24.416,Malus domestica,NA,6558,4142,6893.5,8245.5
55,1037,1037-2-534.jpg,apple,23.973,Malus domestica,NA,4161,4406,3590.5,8509.5
56,1037,1037-537.jpg,apple,21.617,Malus domestica,NA,4329,5490,4466.5,1095.5
57,1037,1037-538.jpg,apple,27.971,Malus domestica,NA,1722,3668,1025.5,8611.5
58,1037,1037-539.jpg,apple,29.931,Malus domestica,NA,5895,4022,5024.5,8947.5
59,1037,1037-540.jpg,apple,30.276,Malus domestica,NA,3615,4050,3146.5,8943.5
60,1037,1037-541.jpg,apple,22.862,Malus domestica,NA,7416,4222,7091.5,8671.5
61,1042,1042-287.jpg,apple,20.923,Malus domestica,NA,3273,8117,4136.5,3542.5
62,1042,1042-289.jpg,apple,14.113,Malus domestica,NA,4286,7874,3799.5,3811.5
63,1042,1042-291.jpg,apple,14.097,Malus domestica,NA,4404,7576,3855.5,3881.5
64,1042,1042-293.jpg,apple,11.604,Malus domestica,NA,3966,7460,4133.5,4381.5
65,1042,1042-295.jpg,apple,12.347,Malus domestica,NA,4048,7708,4023.5,4223.5
66,1042,1042-297.jpg,apple,10.047,Malus domestica,NA,4296,4238,4523.5,7463.5
67,1042,1042-299.jpg,apple,14.55,Malus domestica,NA,5310,4108,3179.5,7499.5
68,1042,1042-303.jpg,apple,16.834,Malus domestica,NA,3960,3736,4697.5,7861.5
69,1042,1042-305.jpg,apple,10.922,Malus domestica,NA,4456,4342,3839.5,7401.5
70,1042,1042-307.jpg,apple,12.749,Malus domestica,NA,3958,3993,3549.5,7430.5
71,1044,1044-11.jpg,apple,17.22,Malus domestica,NA,4004,3728,4031.5,7949.5
72,1044,1044-13.jpg,apple,16.695,Malus domestica,NA,4478,3830,3677.5,7878.5
73,1044,1044-15.jpg,apple,21.194,Malus domestica,NA,4390,3632,3555.5,8075.5
74,1044,1044-17.jpg,apple,21.142,Malus domestica,NA,4394,3630,3547.5,8067.5
75,1044,1044-2-750.jpg,apple,16.091,Malus domestica,NA,5912,1838,6095.5,5907.5
76,1044,1044-2-751.jpg,apple,19.015,Malus domestica,NA,4078,7672,4149.5,3375.5
77,1044,1044-2-752.jpg,apple,18.175,Malus domestica,NA,1820,4086,1811.5,8084.5
78,1044,1044-5.jpg,apple,18.883,Malus domestica,NA,4044,7936,4031.5,3767.5
79,1044,1044-7.jpg,apple,18.324,Malus domestica,NA,3762,8181,4385.5,3530.5
80,1044,1044-9.jpg,apple,19.973,Malus domestica,NA,4160,8000,4623.5,3675.5
81,1046,1046-547.jpg,apple,16.522,Malus domestica,NA,4350,1380,7331.5,1049.5
82,1046,1046-548.jpg,apple,11.127,Malus domestica,NA,5501,2298,2452.5,1967.5
83,1046,1046-549.jpg,apple,15.114,Malus domestica,NA,1330,6078,1537.5,2795.5
84,1046,1046-550.jpg,apple,13.234,Malus domestica,NA,4607,5204,2666.5,3007.5
85,1046,1046-551.jpg,apple,14.313,Malus domestica,NA,5425,6014,5720.5,3027.5
86,1046,1046-552.jpg,apple,11.476,Malus domestica,NA,6918,6048,7217.5,3227.5
87,1046,1046-553.jpg,apple,17.831,Malus domestica,NA,412,5346,2003.5,8877.5
88,1052,1052-2-20.jpg,apple,26.906,Malus domestica,NA,5364,7876,3809.5,3727.5
89,1052,1052-2-22.jpg,apple,31.51,Malus domestica,NA,4538,8050,4189.5,3633.5
90,1052,1052-2-24.jpg,apple,24.235,Malus domestica,NA,3272,3412,4285.5,8273.5
91,1052,1052-2-26.jpg,apple,31.115,Malus domestica,NA,3962,3620,3409.5,8109.5
92,1052,1052-29.jpg,apple,26.147,Malus domestica,NA,4122,8374,4787.5,3337.5
93,1052,1052-31.jpg,apple,26.071,Malus domestica,NA,4534,8004,4437.5,3663.5
94,1052,1052-33.jpg,apple,22.528,Malus domestica,NA,4218,8048,4019.5,3637.5
95,1052,1052-35.jpg,apple,26.111,Malus domestica,NA,4189,3342,3948.5,8387.5
96,1052,1052-37.jpg,apple,30.171,Malus domestica,NA,3774,3292,3893.5,8399.5
97,1052,1052-39.jpg,apple,28.498,Malus domestica,NA,3432,3356,3895.5,8339.5
98,1055,1055-2-567.jpg,apple,17.824,Malus domestica,NA,6552,5422,6101.5,1591.5
99,1055,1055-2-568.jpg,apple,17.838,Malus domestica,NA,3243,5872,3146.5,1955.5
100,1055,1055-2-569.jpg,apple,21.485,Malus domestica,NA,4773,4188,5150.5,7899.5
101,1055,1055-2-570.jpg,apple,18.448,Malus domestica,NA,2064,4536,1991.5,8255.5
102,1055,1055-572.jpg,apple,19.608,Malus domestica,NA,4779,4598,4286.5,653.5
103,1055,1055-573.jpg,apple,18.062,Malus domestica,NA,6627,4472,6410.5,971.5
104,1055,1055-574.jpg,apple,17.736,Malus domestica,NA,1866,5300,2033.5,1729.5
105,1055,1055-575.jpg,apple,23.321,Malus domestica,NA,7062,4478,6725.5,8421.5
106,1055,1055-576.jpg,apple,22.37,Malus domestica,NA,4167,4654,4196.5,8343.5
107,1064,1064-591.jpg,apple,13.72,Malus domestica,NA,4089,1146,7634.5,1151.5
108,1064,1064-592.jpg,apple,13.945,Malus domestica,NA,6281,2430,2758.5,2015.5
109,1064,1064-593.jpg,apple,12.876,Malus domestica,NA,7164,6204,7085.5,2747.5
110,1064,1064-594.jpg,apple,14.028,Malus domestica,NA,1504,5768,1267.5,2979.5
111,1064,1064-595.jpg,apple,14.683,Malus domestica,NA,5283,6604,5420.5,3159.5
112,1064,1064-596.jpg,apple,18.619,Malus domestica,NA,3731,6690,3388.5,3269.5
113,1064,1064-597.jpg,apple,13.464,Malus domestica,NA,4781,5426,4652.5,8875.5
114,1064,1064-598.jpg,apple,13.023,Malus domestica,NA,2586,5460,2593.5,8959.5
115,1064,1064-599.jpg,apple,15.295,Malus domestica,NA,6865,5576,6424.5,9037.5
116,1067,1067-2-602.jpg,apple,23.577,Malus domestica,NA,6192,5742,6431.5,1289.5
117,1067,1067-2-603.jpg,apple,26.848,Malus domestica,NA,4007,6162,4204.5,1393.5
118,1067,1067-2-604.jpg,apple,28.695,Malus domestica,NA,2046,5434,1331.5,1483.5
119,1067,1067-2-605.jpg,apple,22.768,Malus domestica,NA,3466,4552,3117.5,8873.5
120,1067,1067-2-606.jpg,apple,22.124,Malus domestica,NA,7110,4628,7379.5,8771.5
121,1067,1067-2-607.jpg,apple,24.916,Malus domestica,NA,1132,4666,963.5,8657.5
122,1067,1067-2-608.jpg,apple,24.193,Malus domestica,NA,5117.5,4911.5,4865.5,8701.5
123,1067,1067-610.jpg,apple,29.067,Malus domestica,NA,6396,3088,5975.5,7777.5
124,1067,1067-611.jpg,apple,21.502,Malus domestica,NA,4133,3704,4208.5,7681.5
125,1067,1067-612.jpg,apple,26.726,Malus domestica,NA,1829,3762,1822.5,8257.5
126,1069,1069-614.jpg,apple,17.56,Malus domestica,NA,4074.5,1043.5,7680.5,1163.5
127,1069,1069-615.jpg,apple,15.123,Malus domestica,NA,6023,2310,2776.5,1589.5
128,1069,1069-616.jpg,apple,18.756,Malus domestica,NA,690,5632,1127.5,2127.5
129,1069,1069-617.jpg,apple,17.81,Malus domestica,NA,3715,5562,5358.5,2429.5
130,1069,1069-618.jpg,apple,15.324,Malus domestica,NA,2581,6116,2712.5,2557.5
131,1069,1069-619.jpg,apple,13.582,Malus domestica,NA,5550,5740,7349.5,3099.5
132,1069,1069-620.jpg,apple,21.803,Malus domestica,NA,1470,4718,1253.5,8897.5
133,1071,1071-44.jpg,apple,12.812,Malus domestica,NA,4204,7114,4379.5,4493.5
134,1071,1071-46.jpg,apple,12.135,Malus domestica,NA,3840,7400,4541.5,4273.5
135,1071,1071-48.jpg,apple,16.291,Malus domestica,NA,4326,7324,4061.5,4371.5
136,1071,1071-50.jpg,apple,18.203,Malus domestica,NA,4006,7464,4299.5,4337.5
137,1071,1071-52.jpg,apple,17.998,Malus domestica,NA,3692,7864,4093.5,3819.5
138,1071,1071-58.jpg,apple,14.414,Malus domestica,NA,4054,4116,3951.5,7431.5
139,1071,1071-60.jpg,apple,14.089,Malus domestica,NA,4186,4248,4221.5,7447.5
140,1076,1076-2-761.jpg,apple,22.79,Malus domestica,NA,4958,5054,5329.5,965.5
141,1076,1076-2-763.jpg,apple,26.429,Malus domestica,NA,1244,3362,817.5,8233.5
142,1076,1076-2-765.jpg,apple,24.351,Malus domestica,NA,6571,4472,6082.5,8767.5
143,1076,1076-767.jpg,apple,21.205,Malus domestica,NA,2558,5144,2695.5,751.5
144,1076,1076-768.jpg,apple,20.598,Malus domestica,NA,4808,5416,5539.5,1319.5
145,1076,1076-769.jpg,apple,23.553,Malus domestica,NA,6719,3760,5608.5,8181.5
146,1076,1076-770.jpg,apple,24.744,Malus domestica,NA,3976,3972,3675.5,8165.5
147,1076,1076-771.jpg,apple,24.671,Malus domestica,NA,1612,4164,1679.5,8469.5
148,1079,1079-2-645.jpg,apple,33.74,Malus domestica,NA,5833,5338,5988.5,619.5
149,1079,1079-2-646.jpg,apple,22.874,Malus domestica,NA,1945,4754,3594.5,805.5
150,1079,1079-2-647.jpg,apple,34.875,Malus domestica,NA,7069,3372,7044.5,8523.5
151,1079,1079-2-648.jpg,apple,29.758,Malus domestica,NA,3574.5,3514.5,2764.5,8789.5
152,1079,1079-2-649.jpg,apple,22.372,Malus domestica,NA,1231.5,4153.5,1123.5,8353.5
153,1079,1079-2-650.jpg,apple,22.64,Malus domestica,NA,5026,4448,4969.5,8475.5
154,1079,1079-652.jpg,apple,28.123,Malus domestica,NA,3434,5446,2945.5,1057.5
155,1079,1079-653.jpg,apple,26.669,Malus domestica,NA,6543,5300,6416.5,1253.5
156,1079,1079-654.jpg,apple,29.181,Malus domestica,NA,4676.5,3317.5,4584.5,8017.5
157,1079,1079-655.jpg,apple,25.521,Malus domestica,NA,1652,3400,1611.5,8229.5
158,1083,1083-657.jpg,apple,13.343,Malus domestica,NA,4083,210,7292.5,2003.5
159,1083,1083-658.jpg,apple,11.532,Malus domestica,NA,5462,1442,2557.5,1825.5
160,1083,1083-659.jpg,apple,16.625,Malus domestica,NA,878,5374,1257.5,2031.5
161,1083,1083-662.jpg,apple,15.183,Malus domestica,NA,2363,5882,3196.5,2545.5
162,1083,1083-664.jpg,apple,16.401,Malus domestica,NA,5713,4970,4292.5,8719.5
163,1083,1083-665.jpg,apple,20.396,Malus domestica,NA,3235,5028,3108.5,8869.5
164,1083,1083-666.jpg,apple,13.428,Malus domestica,NA,7040,5306,6303.5,8569.5
165,1085,1085-2-67.jpg,apple,23.513,Malus domestica,NA,4220,8066,4075.5,3585.5
166,1085,1085-2-69.jpg,apple,24.357,Malus domestica,NA,3242,8104,4297.5,3563.5
167,1085,1085-2-71.jpg,apple,23.133,Malus domestica,NA,4074,7962,4553.5,3717.5
168,1085,1085-2-73.jpg,apple,27.194,Malus domestica,NA,4228,3560,4279.5,8129.5
169,1085,1085-2-75.jpg,apple,21.337,Malus domestica,NA,4747,3741,4125.5,7948.5
170,1085,1085-2-77.jpg,apple,19.198,Malus domestica,NA,4038,3494,4005.5,8201.5
171,1085,1085-80.jpg,apple,18.939,Malus domestica,NA,4442,3698,3733.5,8005.5
172,1085,1085-82.jpg,apple,19.448,Malus domestica,NA,4428.5,3851.5,3996.5,7843.5
173,1085,1085-84.jpg,apple,17.473,Malus domestica,NA,4001.5,3537.5,4469.5,8159.5
174,1085,1085-86.jpg,apple,19.04,Malus domestica,NA,2016,5153,6293.5,5926.5
175,1089,1089-783.jpg,apple,10.415,Malus domestica,NA,4769,1992,7378.5,767.5
176,1089,1089-784.jpg,apple,12.121,Malus domestica,NA,5702,786,2659.5,1457.5
177,1089,1089-785.jpg,apple,11.23,Malus domestica,NA,7159,5308,7222.5,2321.5
178,1089,1089-786.jpg,apple,13.664,Malus domestica,NA,484,5764,803.5,2427.5
179,1089,1089-787.jpg,apple,15.474,Malus domestica,NA,4776,5830,5411.5,2425.5
180,1089,1089-790.jpg,apple,11.112,Malus domestica,NA,5438,5450,5393.5,8371.5
181,1089,1089-791.jpg,apple,10.789,Malus domestica,NA,6763,5630,6902.5,8585.5
182,1089,1089-792.jpg,apple,13.869,Malus domestica,NA,1458,5820,1157.5,8687.5
183,1091,1091-794.jpg,apple,14.73,Malus domestica,NA,4666.5,629.5,7654.5,1205.5
184,1091,1091-795.jpg,apple,15.028,Malus domestica,NA,5616,2010,2487.5,1159.5
185,1091,1091-796.jpg,apple,15.628,Malus domestica,NA,6995,5708,6892.5,2101.5
186,1091,1091-797.jpg,apple,16.943,Malus domestica,NA,3550,6062,3231.5,2177.5
187,1091,1091-798.jpg,apple,16.764,Malus domestica,NA,1374,5828,1553.5,2541.5
188,1091,1091-800.jpg,apple,21.781,Malus domestica,NA,4526,4492,4735.5,8793.5
189,1091,1091-801.jpg,apple,18.89,Malus domestica,NA,2944,5162,2799.5,8744.5
190,1091,1091-802.jpg,apple,13.344,Malus domestica,NA,6767,5270,6598.5,8497.5
191,1097,1097-101.jpg,apple,14.575,Malus domestica,NA,4476,4090,3723.5,7613.5
192,1097,1097-103.jpg,apple,21.107,Malus domestica,NA,4856,3786,3811.5,7897.5
193,1097,1097-105.jpg,apple,22.482,Malus domestica,NA,4040,3916,4763.5,7763.5
194,1097,1097-107.jpg,apple,18.474,Malus domestica,NA,3204,4184,5043.5,7517.5
195,1097,1097-91.jpg,apple,16.785,Malus domestica,NA,5847.5,7211.5,2368.5,4729.5
196,1097,1097-95.jpg,apple,13.759,Malus domestica,NA,3988,7506,4377.5,4189.5
197,1097,1097-97.jpg,apple,18.149,Malus domestica,NA,5090,7340,3175.5,4345.5
198,1097,1097-99.jpg,apple,18.041,Malus domestica,NA,4862,7688,3597.5,3997.5
199,1100,1100-677.jpg,apple,13.713,Malus domestica,NA,6074,832,2387.5,1034.5
200,1100,1100-678.jpg,apple,15.455,Malus domestica,NA,4070,1834,8015.5,1662.5
201,1100,1100-679.jpg,apple,11.327,Malus domestica,NA,965,4935,918.5,1659.5
202,1100,1100-680.jpg,apple,16.189,Malus domestica,NA,3171,5439,2380.5,2055.5
203,1100,1100-681.jpg,apple,16.155,Malus domestica,NA,4912.5,5998.5,4648.5,2142.5
204,1100,1100-682.jpg,apple,14.229,Malus domestica,NA,6230,6355,6568.5,2715.5
205,1100,1100-683.jpg,apple,19.375,Malus domestica,NA,1715,4415,1399.5,8859.5
206,1100,1100-684.jpg,apple,14.857,Malus domestica,NA,4058,4974,3569.5,8749.5
207,1100,1100-685.jpg,apple,13.997,Malus domestica,NA,5739,5168,5348.5,8485.5
208,1100,1100-686.jpg,apple,13.094,Malus domestica,NA,7124.5,5401.5,7013.5,8840.5
209,1104,1104-805.jpg,apple,17.489,Malus domestica,NA,3837,357,7630.5,1502.5
210,1104,1104-806.jpg,apple,16.403,Malus domestica,NA,5732,1676,1956.5,1330.5
211,1104,1104-807.jpg,apple,20.877,Malus domestica,NA,807,5518,1629.5,1859.5
212,1104,1104-810.jpg,apple,17.713,Malus domestica,NA,5804,5517,7141.5,2605.5
213,1104,1104-811.jpg,apple,23.049,Malus domestica,NA,7150,4887,6786.5,8905.5
214,1104,1104-812.jpg,apple,23.169,Malus domestica,NA,3336.5,5139.5,2860.5,9021.5
215,1104,1104-813.jpg,apple,20.301,Malus domestica,NA,1177,5320,1044.5,8986.5
216,1104,1104-814.jpg,apple,17.042,Malus domestica,NA,5064,5756,4886.5,8850.5
217,1106,1106-181.jpg,apple,14.68,Malus domestica,NA,3899.5,7777.5,4154.5,3900.5
218,1106,1106-183.jpg,apple,17.131,Malus domestica,NA,4480,7982,3799.5,3715.5
219,1106,1106-185.jpg,apple,19.288,Malus domestica,NA,4163.5,8097.5,3695.5,3581.5
220,1106,1106-189.jpg,apple,14.783,Malus domestica,NA,4411.5,4055.5,3859.5,7633.5
221,1106,1106-191.jpg,apple,15.561,Malus domestica,NA,4119.5,3547.5,3561.5,8141.5
222,1106,1106-193.jpg,apple,17.865,Malus domestica,NA,4042,3826,3879.5,7866.5
223,1106,1106-2-174.jpg,apple,15.369,Malus domestica,NA,3656,3782,4399.5,7907.5
224,1106,1106-2-178.jpg,apple,17.943,Malus domestica,NA,4199.5,3883.5,3807.5,7809.5
225,1112,1112-2-945.jpg,apple,26.912,Malus domestica,NA,4155.5,1181.5,7685.5,1111.5
226,1112,1112-2-946.jpg,apple,29.233,Malus domestica,NA,2330,6068,1713.5,2169.5
227,1112,1112-2-947.jpg,apple,30.263,Malus domestica,NA,5141.5,6323.5,4226.5,2227.5
228,1112,1112-2-948.jpg,apple,24.137,Malus domestica,NA,7128.5,6145.5,6930.5,2489.5
229,1112,1112-2-949.jpg,apple,28.437,Malus domestica,NA,6119.5,4723.5,5763.5,8809.5
230,1112,1112-2-950.jpg,apple,25.117,Malus domestica,NA,3520.5,4957.5,3472.5,8434.5
231,1112,1112-2-951.jpg,apple,28.46,Malus domestica,NA,1346.5,5253.5,1385.5,9078.5
232,1112,1112-954.jpg,apple,34.224,Malus domestica,NA,3872,3725,3923.5,7872.5
233,1112,1112-955.jpg,apple,27.432,Malus domestica,NA,1841,4288,1378.5,7937.5
234,1116,1116-2-816.jpg,apple,27.822,Malus domestica,NA,3780,4596,4091.5,597.5
235,1116,1116-2-817.jpg,apple,21.905,Malus domestica,NA,5813,4860,6140.5,955.5
236,1116,1116-2-819.jpg,apple,19.734,Malus domestica,NA,595.5,4396.5,1049.5,8116.5
237,1116,1116-2-820.jpg,apple,22.492,Malus domestica,NA,4620.5,4523.5,4773.5,8331.5
238,1116,1116-2-821.jpg,apple,18.629,Malus domestica,NA,2460,4540,2613.5,8231.5
239,1116,1116-823.jpg,apple,17.816,Malus domestica,NA,2587.5,1311.5,738.5,4902.5
240,1116,1116-824.jpg,apple,18.636,Malus domestica,NA,7051.5,4427.5,4696.5,1750.5
241,1116,1116-826.jpg,apple,19.086,Malus domestica,NA,4379,4300,5719.5,8160.5
242,1118,1118-364.jpg,apple,20.447,Malus domestica,NA,6203,5410,2091.167,6587.833
243,1118,1118-366.jpg,apple,26.575,Malus domestica,NA,1847,6807,6490.167,5292.5
244,1118,1118-368.jpg,apple,21.35,Malus domestica,NA,4783.5,7739.5,3572.5,3951
245,1118,1118-370.jpg,apple,19.759,Malus domestica,NA,4471.5,7856.167,3991.5,3834.167
246,1118,1118-372.jpg,apple,20.018,Malus domestica,NA,4433,7882,4408.5,3809.5
247,1118,1118-374.jpg,apple,20.989,Malus domestica,NA,4132,7993,3821.5,3699.5
248,1118,1118-376.jpg,apple,22.356,Malus domestica,NA,3850,3718,3993.5,7974.5
249,1118,1118-382.jpg,apple,22.232,Malus domestica,NA,3872,3464,4085.167,8235.166
250,1122,1122-1190.jpg,apple,29.688,Malus domestica,NA,6824.5,5446.5,6821.5,1433.5
251,1122,1122-1191.jpg,apple,38.075,Malus domestica,NA,2818.5,5918.5,2304.5,1500.5
252,1122,1122-1192.jpg,apple,32.131,Malus domestica,NA,4471,3704,5037.5,8462.5
253,1122,1122-1193.jpg,apple,22.972,Malus domestica,NA,1381.5,4254.5,1270.5,7998.5
254,1122,1122-2-1183.jpg,apple,23.635,Malus domestica,NA,7109.5,4225.5,7327.5,629.833
255,1122,1122-2-1184.jpg,apple,30.1,Malus domestica,NA,5515,5679,5484.5,1236.5
256,1122,1122-2-1185.jpg,apple,28.079,Malus domestica,NA,2800.5,5451.5,2647.5,1705.5
257,1122,1122-2-1186.jpg,apple,29.985,Malus domestica,NA,1241,3696,1069.5,8665.5
258,1122,1122-2-1187.jpg,apple,24.219,Malus domestica,NA,3294,4572,4621.5,8587.5
259,1122,1122-2-1188.jpg,apple,27.526,Malus domestica,NA,6921,4870,6692.5,8567.5
260,1127,1127-1244.jpg,apple,30.935,Malus domestica,NA,4362.5,5939.5,4212.5,1298.5
261,1127,1127-1245.jpg,apple,22.958,Malus domestica,NA,1958.5,5797.5,1257.5,1333.667
262,1127,1127-1246.jpg,apple,23.651,Malus domestica,NA,6642,5554,7271.5,1574.5
263,1127,1127-1247.jpg,apple,30.494,Malus domestica,NA,3264.167,4297.167,3572.167,8923.834
264,1127,1127-1248.jpg,apple,30.765,Malus domestica,NA,6226,4447,5415.5,8641.5
265,1127,1127-1249.jpg,apple,22.546,Malus domestica,NA,775,5145,902.5,8769.5
266,1127,1127-2-1239.jpg,apple,24.101,Malus domestica,NA,1670,5820,1337.5,1823.5
267,1127,1127-2-1241.jpg,apple,20.275,Malus domestica,NA,2701.5,4591.5,2721.5,8495.5
268,1128,1128-1268.jpg,apple,33.717,Malus domestica,NA,6031,5615,5292.5,1120.5
269,1128,1128-1269.jpg,apple,26.272,Malus domestica,NA,3119,5522,2437.5,1399.5
270,1128,1128-1270.jpg,apple,40.866,Malus domestica,NA,743,3296,1609.5,8514.5
271,1128,1128-1271.jpg,apple,30.548,Malus domestica,NA,4213.5,3972.5,4285.5,8664.5
272,1128,1128-1272.jpg,apple,31.038,Malus domestica,NA,7466.5,3997.5,6900.5,8415.5
273,1128,1128-2-1263.jpg,apple,26.179,Malus domestica,NA,2922.5,5541.5,2466.5,747.5
274,1128,1128-2-1264.jpg,apple,34.715,Malus domestica,NA,1212,2806,1838.5,8284.5
275,1128,1128-2-1265.jpg,apple,32.254,Malus domestica,NA,7033.5,3457.5,6713.5,8343.5
276,1128,1128-2-1266.jpg,apple,33.633,Malus domestica,NA,3648,3558,3995.5,8768.5
277,1130,1130-2-828.jpg,apple,35.26,Malus domestica,NA,4949.5,5809.5,5021.5,698.5
278,1130,1130-2-829.jpg,apple,26.544,Malus domestica,NA,2471.167,5626.5,2601.167,1018.833
279,1130,1130-2-830.jpg,apple,30.949,Malus domestica,NA,6482.5,3822.5,7016.5,8540.5
280,1130,1130-2-831.jpg,apple,32.956,Malus domestica,NA,1307.5,3827.5,860.5,8736.5
281,1130,1130-2-832.jpg,apple,23.663,Malus domestica,NA,3797,3828,3883.5,8460.5
282,1130,1130-834.jpg,apple,31.879,Malus domestica,NA,2617,5305,2742.5,1016.5
283,1130,1130-835.jpg,apple,38.194,Malus domestica,NA,5962.5,5203.5,5806.5,1067.5
284,1130,1130-836.jpg,apple,32.146,Malus domestica,NA,4419,4135,3941.5,8793.5
285,1130,1130-837.jpg,apple,31.152,Malus domestica,NA,1068.5,4191.5,1868.5,8381.5
286,1130,1130-838.jpg,apple,25.224,Malus domestica,NA,7185.5,4365.5,6954.5,8416.5
287,1133,1133-2-840.jpg,apple,27.582,Malus domestica,NA,6614.5,5580.5,6740.5,650.5
288,1133,1133-2-841.jpg,apple,25.993,Malus domestica,NA,3959.5,5642.5,4226.5,852.5
289,1133,1133-2-842.jpg,apple,22.971,Malus domestica,NA,5455.5,4185.5,5727.5,8393.5
290,1133,1133-2-843.jpg,apple,19.215,Malus domestica,NA,7207.5,4260.5,7180.5,8582.5
291,1133,1133-2-844.jpg,apple,23.314,Malus domestica,NA,894.5,4317.5,1048.5,8748.5
292,1133,1133-2-845.jpg,apple,25.903,Malus domestica,NA,3194,4316,2809.833,9121.166
293,1133,1133-558.jpg,apple,17.41,Malus domestica,NA,3620,7927,4376.833,3754.5
294,1133,1133-560.jpg,apple,22.02,Malus domestica,NA,4837,8398,3668.333,3279.333
295,1133,1133-564.jpg,apple,17.771,Malus domestica,NA,3692,3560,4127.5,8137.5
296,1137,1137-2-850.jpg,apple,29.332,Malus domestica,NA,4891.5,4885.5,NA,NA
297,1137,1137-2-851.jpg,apple,25.365,Malus domestica,NA,2609.5,5435.5,2411.5,824.5
298,1137,1137-2-852.jpg,apple,22.079,Malus domestica,NA,6811.5,5136,7657.25,1326
299,1137,1137-2-853.jpg,apple,27.873,Malus domestica,NA,1642,4709,1750.5,8843.834
300,1137,1137-2-854.jpg,apple,23.273,Malus domestica,NA,4183,4937,4091.5,8972.5
301,1137,1137-857.jpg,apple,30.53,Malus domestica,NA,3788,4728,3594.5,718.833
302,1137,1137-858.jpg,apple,28.973,Malus domestica,NA,6419,5050,6311.167,1216.167
303,1137,1137-859.jpg,apple,33.868,Malus domestica,NA,5468,4216,5191.5,8353.5
304,1137,1137-860.jpg,apple,28.947,Malus domestica,NA,2173,4287,1813.833,8312.833
305,1143,1143-1430.jpg,apple,24.266,Malus domestica,NA,1433,6027,1447.833,2311.5
306,1143,1143-1431.jpg,apple,23.135,Malus domestica,NA,4098,6157,3518.5,2575.5
307,1143,1143-1432.jpg,apple,21.104,Malus domestica,NA,2577,4937,2506.167,8774.5
308,1143,1143-1433.jpg,apple,20.692,Malus domestica,NA,7023,5063,7160.5,8718.5
309,1143,1143-1434.jpg,apple,19.973,Malus domestica,NA,4995,5192,4480.5,8757.5
310,1143,1143-2-1424.jpg,apple,18.442,Malus domestica,NA,4243.833,6317.167,4109.167,2603.167
311,1143,1143-2-1425.jpg,apple,17.823,Malus domestica,NA,2163.5,4338.5,2175.5,7684.5
312,1143,1143-2-1426.jpg,apple,17.942,Malus domestica,NA,5963,4348,5824.5,8375.5
313,1146,1146-585.jpg,apple,15.762,Malus domestica,NA,2849,5331,5418.5,5632.167
314,1146,1146-587.jpg,apple,14.168,Malus domestica,NA,3881,7334,4026.167,4357.5
315,1146,1146-589.jpg,apple,16.838,Malus domestica,NA,3490,7224,4175.5,4463.5
316,1146,1146-591.jpg,apple,17.205,Malus domestica,NA,3408,7496,4083.5,4191.5
317,1146,1146-593.jpg,apple,18.321,Malus domestica,NA,3735,7314,3918.5,4375.5
318,1146,1146-595.jpg,apple,18.245,Malus domestica,NA,3803,4365,3816.5,7329.167
319,1146,1146-597.jpg,apple,21.641,Malus domestica,NA,3924,4134,3627.5,7559.5
320,1146,1146-599.jpg,apple,21.061,Malus domestica,NA,4005.5,3857.5,3977.5,7833.5
321,1146,1146-601.jpg,apple,16.844,Malus domestica,NA,4481.833,4079.167,4027.5,7611.5
322,1148,1148-604.jpg,apple,14.715,Malus domestica,NA,5704,6091,2563.833,5834.833
323,1148,1148-606.jpg,apple,22.688,Malus domestica,NA,2227,6381,6186.5,5841.5
324,1148,1148-608.jpg,apple,15.97,Malus domestica,NA,3969,7538,4521.5,3908.5
325,1148,1148-610.jpg,apple,14.958,Malus domestica,NA,3733,7777,4092.75,3914.5
326,1148,1148-612.jpg,apple,21.132,Malus domestica,NA,3590,7785,4648.5,3907
327,1148,1148-618.jpg,apple,15.467,Malus domestica,NA,4319,3781,4067.5,7910.5
328,1148,1148-620.jpg,apple,18.066,Malus domestica,NA,4540,3902,4069.5,7791.5
329,1148,1148-622.jpg,apple,21.95,Malus domestica,NA,4502,3414,4237.5,8275.5
330,1152,1152-862.jpg,apple,7.577,Malus domestica,NA,4434,1066,6750.5,1615.5
331,1152,1152-863.jpg,apple,5.857,Malus domestica,NA,5011,2285,2956,1985.5
332,1152,1152-864.jpg,apple,9.005,Malus domestica,NA,6537,5233,6233.833,2653.167
333,1152,1152-865.jpg,apple,8.606,Malus domestica,NA,2897.833,5714.5,3011.167,3212.5
334,1152,1152-866.jpg,apple,7.603,Malus domestica,NA,5281,5517,4583.5,3231.5
335,1152,1152-867.jpg,apple,7.503,Malus domestica,NA,1099,5890,1265.833,3356.5
336,1152,1152-868.jpg,apple,7.599,Malus domestica,NA,6357.833,5846.5,5939,8331
337,1152,1152-869.jpg,apple,7.291,Malus domestica,NA,4910,5929,4645.833,8239.167
338,1152,1152-870.jpg,apple,8.836,Malus domestica,NA,1213,6164,1192.5,8888.5
339,1152,1152-871.jpg,apple,7.615,Malus domestica,NA,2805.5,6284.5,3155.5,8799.5
340,1155,1155-1462.jpg,apple,22.753,Malus domestica,NA,5240,5847,5257.167,1487.167
341,1155,1155-1464.jpg,apple,34.286,Malus domestica,NA,1196,3338,1416.5,7977.5
342,1155,1155-1465.jpg,apple,25.714,Malus domestica,NA,5977,3736,6798.5,7947.5
343,1155,1155-2-1455.jpg,apple,29.944,Malus domestica,NA,6890,5511,6172,659.5
344,1155,1155-2-1456.jpg,apple,31.043,Malus domestica,NA,4988,5061,3779.5,727.5
345,1155,1155-2-1457.jpg,apple,27.363,Malus domestica,NA,1816,4843,1448.5,791.5
346,1155,1155-2-1459.jpg,apple,25.964,Malus domestica,NA,4497.5,4621.5,4035.5,8893.5
347,1155,1155-2-1460.jpg,apple,26.37,Malus domestica,NA,5796,4866,6071.5,8877.5
348,1156,1156-1473.jpg,apple,35.813,Malus domestica,NA,2656,4961,3183.5,443.5
349,1156,1156-1474.jpg,apple,37.243,Malus domestica,NA,5476.5,5200.5,5428.5,655.5
350,1156,1156-1475.jpg,apple,39.768,Malus domestica,NA,6931.5,3691.5,6391.5,8664.834
351,1156,1156-1476.jpg,apple,34.846,Malus domestica,NA,849,4036,1585.5,8395.834
352,1156,1156-1477.jpg,apple,35.125,Malus domestica,NA,3722,4510,3721.833,8689.834
353,1156,1156-2-1467.jpg,apple,35.204,Malus domestica,NA,2582.5,5047.5,2387.5,350.5
354,1156,1156-2-1468.jpg,apple,34.384,Malus domestica,NA,5897,4782,5620.5,365.5
355,1156,1156-2-1469.jpg,apple,36.738,Malus domestica,NA,7368,3432,6581.5,8078.5
356,1156,1156-2-1470.jpg,apple,40.275,Malus domestica,NA,3975,3891,4002.5,8520.5
357,1156,1156-2-1471.jpg,apple,34.363,Malus domestica,NA,1622,3917,1500.5,8653.166
358,1157,1157-1479.jpg,apple,15.039,Malus domestica,NA,3693.5,1516.833,7222.167,280.5
359,1157,1157-1481.jpg,apple,19.881,Malus domestica,NA,7430,6378,7149.5,1689.167
360,1157,1157-1483.jpg,apple,15.454,Malus domestica,NA,1812,5707,1473.5,2084.5
361,1157,1157-1484.jpg,apple,18.338,Malus domestica,NA,5408,6577,5368.5,2322.5
362,1157,1157-1485.jpg,apple,21.5,Malus domestica,NA,2401,4575,2764.5,8725.166
363,1157,1157-1486.jpg,apple,18.795,Malus domestica,NA,885.5,4594.5,981.5,8628.5
364,1157,1157-1487.jpg,apple,14.642,Malus domestica,NA,4434.5,4807.5,4622.5,8543.5
365,1157,1157-1488.jpg,apple,19.854,Malus domestica,NA,6348,4914,7052.5,8537.5
366,1161,1161-2-873.jpg,apple,15.958,Malus domestica,NA,3076,5318,2879.5,1655.5
367,1161,1161-2-874.jpg,apple,16.489,Malus domestica,NA,5500,5416,6081.5,1861.5
368,1161,1161-2-875.jpg,apple,17.681,Malus domestica,NA,1204,4313,1589.5,8136.5
369,1161,1161-2-876.jpg,apple,20.045,Malus domestica,NA,4966,4996,4667.5,8567.5
370,1161,1161-878.jpg,apple,22.057,Malus domestica,NA,2273,5199,2356.5,1322.833
371,1161,1161-879.jpg,apple,14.902,Malus domestica,NA,6438,4949,6632.167,1688.5
372,1161,1161-880.jpg,apple,16.907,Malus domestica,NA,4726,4903,5224.5,1694.5
373,1161,1161-881.jpg,apple,15.242,Malus domestica,NA,6352,4591,5481.833,7720.167
374,1161,1161-882.jpg,apple,15.44,Malus domestica,NA,4001.5,4775.5,3519.5,8489.5
375,1161,1161-883.jpg,apple,19.545,Malus domestica,NA,1345,4830,1460.5,8479.5
376,1163,1163-625.jpg,apple,15.653,Malus domestica,NA,2398.5,5387.5,5864.5,5990.5
377,1163,1163-627.jpg,apple,14.26,Malus domestica,NA,5452,6575,2880.5,5383.5
378,1163,1163-629.jpg,apple,20.154,Malus domestica,NA,4298,7611,4349.5,4080.5
379,1163,1163-633.jpg,apple,17.598,Malus domestica,NA,3657,7456,4673.833,4235.5
380,1163,1163-639.jpg,apple,14.211,Malus domestica,NA,4326,4240,3816.833,7450.833
381,1163,1163-641.jpg,apple,14.654,Malus domestica,NA,3801,4324,3809.833,7366.5
382,1163,1163-643.jpg,apple,13.094,Malus domestica,NA,3930.5,4313.833,4225.167,7379.167
383,1166,1166-2-895.jpg,apple,29.746,Malus domestica,NA,2177,5857,2674.5,726.5
384,1166,1166-2-898.jpg,apple,31.284,Malus domestica,NA,6532.5,4429.833,6671.167,8758.5
385,1166,1166-900.jpg,apple,34.398,Malus domestica,NA,5659.5,5067.5,6642,109.5
386,1166,1166-901.jpg,apple,28.278,Malus domestica,NA,2826,4789,3101.833,718.167
387,1166,1166-902.jpg,apple,29.667,Malus domestica,NA,4418,3346,3486.833,8036.167
388,1166,1166-903.jpg,apple,31.488,Malus domestica,NA,1113.5,3426.5,1287.5,8562.5
389,1171,1171-648.jpg,apple,13.057,Malus domestica,NA,2271,5453,5992.5,5716.5
390,1171,1171-654.jpg,apple,16.759,Malus domestica,NA,3622,8051,4628.5,3640.167
391,1171,1171-656.jpg,apple,14.653,Malus domestica,NA,3983,7965,4159.167,3727.833
392,1171,1171-660.jpg,apple,18.93,Malus domestica,NA,4433,3970,4191.5,7719.5
393,1171,1171-662.jpg,apple,18.28,Malus domestica,NA,4460,3782,3649.5,7909.5
394,1171,1171-664.jpg,apple,13.301,Malus domestica,NA,4184,4068,3786.5,7625.833
395,1172,1172-667.jpg,apple,19.653,Malus domestica,NA,2524,5290,5738.5,5942.5
396,1172,1172-669.jpg,apple,18.378,Malus domestica,NA,5920,6018,2347.5,5837.5
397,1172,1172-671.jpg,apple,15.504,Malus domestica,NA,3922,7600,4326.833,4096.167
398,1172,1172-673.jpg,apple,15.585,Malus domestica,NA,5080,7041,3395.833,4616.833
399,1172,1172-675.jpg,apple,18.667,Malus domestica,NA,4044,7520,4197.5,4169.5
400,1172,1172-679.jpg,apple,17.417,Malus domestica,NA,4383.167,4007.833,3903.5,7682.5
401,1172,1172-681.jpg,apple,20.482,Malus domestica,NA,3196,4203,4617.167,7490.5
402,1172,1172-683.jpg,apple,21.15,Malus domestica,NA,3974,3931,4207.5,7763.5
403,1172,1172-685.jpg,apple,16.312,Malus domestica,NA,4691,4301,4203.5,7391.5
404,1178,1178-688.jpg,apple,18.19,Malus domestica,NA,5987,5499,2276.5,5884.5
405,1178,1178-694.jpg,apple,17.389,Malus domestica,NA,4793,7763,4252.5,3925.5
406,1178,1178-696.jpg,apple,15.325,Malus domestica,NA,4067,7667,4231.5,4020.5
407,1178,1178-698.jpg,apple,17.59,Malus domestica,NA,4447,8099,3964.833,3594.833
408,1178,1178-700.jpg,apple,14.596,Malus domestica,NA,3767,4122,4392.5,7573.5
409,1178,1178-702.jpg,apple,19.83,Malus domestica,NA,3782,3754,4065.5,7937.5
410,1178,1178-704.jpg,apple,19.926,Malus domestica,NA,3656,4001,4339.5,7696.5
411,1178,1178-706.jpg,apple,15.711,Malus domestica,NA,3744,4051,3845.5,7646.5
412,1181,1181-2-933.jpg,apple,17.594,Malus domestica,NA,4851,1160,4580.5,4985.5
413,1181,1181-2-934.jpg,apple,17.812,Malus domestica,NA,2874,5139,2750.5,1420.5
414,1181,1181-2-935.jpg,apple,23.482,Malus domestica,NA,1576,8340,1566.5,4338.5
415,1181,1181-2-936.jpg,apple,19.744,Malus domestica,NA,6433.5,8152.5,6553.5,4412.5
416,1181,1181-938.jpg,apple,25.732,Malus domestica,NA,7669,5313,6449.5,1125.5
417,1181,1181-939.jpg,apple,21.349,Malus domestica,NA,2368,5361,2430.5,1268.5
418,1181,1181-940.jpg,apple,21.542,Malus domestica,NA,5087,5324,4535.5,1475.5
419,1181,1181-941.jpg,apple,32.153,Malus domestica,NA,1200,3892,1250.5,8682.5
420,1181,1181-942.jpg,apple,22.798,Malus domestica,NA,3880,4179,3847.5,8724.5
421,1184,1184-709.jpg,apple,14.472,Malus domestica,NA,2383.5,5971.5,5878.167,6046.833
422,1184,1184-711.jpg,apple,11.143,Malus domestica,NA,5523,6510,2738.5,5277.5
423,1184,1184-713.jpg,apple,14.28,Malus domestica,NA,4265,7455,4658.167,4235.167
424,1184,1184-715.jpg,apple,19.188,Malus domestica,NA,3926,7811,4153.5,3870.5
425,1184,1184-717.jpg,apple,16.226,Malus domestica,NA,4205,7622,4345.5,4069.5
426,1184,1184-719.jpg,apple,11.808,Malus domestica,NA,3576,7453,4654.5,4236.5
427,1184,1184-721.jpg,apple,15.311,Malus domestica,NA,4795,3682,3701.5,8012.5
428,1184,1184-725.jpg,apple,15.486,Malus domestica,NA,4412,4048,3667.5,7645.5
429,1185,1185-945.jpg,apple,20.01,Malus domestica,NA,3548.5,588.5,7802.5,1778.5
430,1185,1185-946.jpg,apple,19.354,Malus domestica,NA,5457,1945,1495.5,1853.5
431,1185,1185-947.jpg,apple,17.36,Malus domestica,NA,829,5996,879.5,2199.5
432,1185,1185-948.jpg,apple,20.513,Malus domestica,NA,6257,6612,6986.167,2203.5
433,1185,1185-949.jpg,apple,20.831,Malus domestica,NA,4341,7203,4832.5,2477.5
434,1185,1185-951.jpg,apple,18.269,Malus domestica,NA,7395.5,4373.5,6995.833,8654.834
435,1185,1185-952.jpg,apple,23.647,Malus domestica,NA,3900,4562,2953.167,8968.166
436,1185,1185-953.jpg,apple,21.994,Malus domestica,NA,1546,4859,966.5,9304.5
437,1185,1185-954.jpg,apple,19.276,Malus domestica,NA,5582.833,5349.167,5315.5,9000.5
438,1187,1187-1500.jpg,apple,10.883,Malus domestica,NA,5162,1295,7649.5,1360.5
439,1187,1187-1501.jpg,apple,11.789,Malus domestica,NA,5295,1882,2551.5,1618.5
440,1187,1187-1502.jpg,apple,16.361,Malus domestica,NA,4873,5784,5448.5,2454.833
441,1187,1187-1503.jpg,apple,16.288,Malus domestica,NA,3435.5,5374.5,2519.5,2582.5
442,1187,1187-1504.jpg,apple,10.101,Malus domestica,NA,6816,5109,7100.5,2674.5
443,1187,1187-1505.jpg,apple,16.421,Malus domestica,NA,973,5600,783.5,2738.5
444,1187,1187-1506.jpg,apple,14.856,Malus domestica,NA,6658,5369,6660.5,8144.5
445,1187,1187-1507.jpg,apple,17.075,Malus domestica,NA,1816,5415,1521.833,8487.833
446,1187,1187-1509.jpg,apple,10.198,Malus domestica,NA,4964,5859,5238.5,8288.5
447,1190,1190-1511.jpg,apple,20.643,Malus domestica,NA,3892,724,7335.167,1773.833
448,1190,1190-1512.jpg,apple,14.566,Malus domestica,NA,5576,2151,2632.833,1979.833
449,1190,1190-1513.jpg,apple,20.206,Malus domestica,NA,1945,6298,871.5,2735.5
450,1190,1190-1514.jpg,apple,14.987,Malus domestica,NA,6493,5869,6696.5,2758.5
451,1190,1190-1515.jpg,apple,15.452,Malus domestica,NA,3254,6088,3063.5,2943.5
452,1190,1190-1516.jpg,apple,18.019,Malus domestica,NA,5402,6236,4452.833,3026.167
453,1190,1190-1517.jpg,apple,18.242,Malus domestica,NA,714,5379,955.5,9089
454,1190,1190-1519.jpg,apple,13.765,Malus domestica,NA,2453.5,5958.5,3118.5,9117.5
455,1190,1190-1520.jpg,apple,15.126,Malus domestica,NA,4674.167,6190.5,4624.625,8988.5
456,1193,1193-1529.jpg,apple,21.591,Malus domestica,NA,5205,4864,5435,1427
457,1193,1193-1530.jpg,apple,24.89,Malus domestica,NA,3337,6039,2876.5,2210.5
458,1193,1193-1531.jpg,apple,25.574,Malus domestica,NA,1885,8083,1073.5,4359
459,1193,1193-1532.jpg,apple,23.355,Malus domestica,NA,5560,8337,6163,4652
460,1193,1193-2-1522.jpg,apple,29.588,Malus domestica,NA,4508,5576,4483.167,1592.833
461,1193,1193-2-1523.jpg,apple,19.213,Malus domestica,NA,7303,5222,6835,1675.5
462,1193,1193-2-1524.jpg,apple,25.338,Malus domestica,NA,2121.5,5607.167,1654.5,1978.5
463,1193,1193-2-1525.jpg,apple,20.433,Malus domestica,NA,5958.5,4759.5,6174.5,8413.5
464,1193,1193-2-1526.jpg,apple,25.24,Malus domestica,NA,1293,4820,1193.833,8277.5
465,1193,1193-2-1527.jpg,apple,27.401,Malus domestica,NA,3974,5087.5,3570.5,8778.5
466,1196,1196-2-957.jpg,apple,18.122,Malus domestica,NA,1124.167,5530.167,1676.833,1650.5
467,1196,1196-2-958.jpg,apple,17.419,Malus domestica,NA,4085,5524,4985.5,1765.5
468,1196,1196-2-959.jpg,apple,22.873,Malus domestica,NA,3462,4618,2433.5,8521.5
469,1196,1196-2-960.jpg,apple,16.747,Malus domestica,NA,5798,4669.667,5280.167,8652.167
470,1196,1196-730.jpg,apple,18.923,Malus domestica,NA,2056.5,5518.5,6210.833,6016.167
471,1196,1196-732.jpg,apple,17.187,Malus domestica,NA,6555.5,6611,1710.833,5545.167
472,1196,1196-734.jpg,apple,22.152,Malus domestica,NA,5042,3425,3548.5,8268.5
473,1196,1196-736.jpg,apple,20.879,Malus domestica,NA,4119,3465,3820.833,8224.5
474,1196,1196-738.jpg,apple,24.48,Malus domestica,NA,4416,3475,4436.5,8218.5
475,1202,1202-1582.jpg,apple,18.406,Malus domestica,NA,3323,880,7662.167,1117.167
476,1202,1202-1583.jpg,apple,21.997,Malus domestica,NA,7133,2147,2506.167,1813.167
477,1202,1202-1584.jpg,apple,15.735,Malus domestica,NA,2072,6454,817.833,2763.167
478,1202,1202-1585.jpg,apple,14.221,Malus domestica,NA,7583,6164,5995.5,2783
479,1202,1202-1586.jpg,apple,18.703,Malus domestica,NA,3700,6611,2920.5,2796.5
480,1202,1202-1587.jpg,apple,15.888,Malus domestica,NA,5176,6603,4913.5,3114.5
481,1202,1202-1588.jpg,apple,18.159,Malus domestica,NA,5725.5,4520.5,6375,8751.75
482,1202,1202-1589.jpg,apple,15.183,Malus domestica,NA,869,5038,1161.833,9056.167
483,1202,1202-1590.jpg,apple,16.71,Malus domestica,NA,2831,5376.5,2908,8780.5
484,1202,1202-1591.jpg,apple,15.981,Malus domestica,NA,4308,5410,4857,9037.667
485,1203,1203-1605.jpg,apple,12.191,Malus domestica,NA,4674,853,8179.5,1567.167
486,1203,1203-1606.jpg,apple,14.807,Malus domestica,NA,5608.5,1904.5,2403.5,1407.5
487,1203,1203-1607.jpg,apple,15.92,Malus domestica,NA,5333,5979.5,4963.833,2012.833
488,1203,1203-1608.jpg,apple,14.024,Malus domestica,NA,996.5,5694,1456.167,2141.5
489,1203,1203-1609.jpg,apple,15.882,Malus domestica,NA,2787,5386.5,3218.5,2251.5
490,1203,1203-1610.jpg,apple,11.51,Malus domestica,NA,7020,5614,7338.833,2623.833
491,1203,1203-1611.jpg,apple,14.198,Malus domestica,NA,6293,5281,6650,8638.5
492,1203,1203-1612.jpg,apple,14.758,Malus domestica,NA,3745,5356,2691,8768
493,1203,1203-1613.jpg,apple,14.896,Malus domestica,NA,2216.5,5315.5,664,8505
494,1203,1203-1614.jpg,apple,12.802,Malus domestica,NA,4163.5,5749,4896,8577.5
495,1205,1205-965.jpg,apple,14.504,Malus domestica,NA,4635.5,715.5,7804.25,1102.25
496,1205,1205-966.jpg,apple,15.258,Malus domestica,NA,5198,1688,1930.5,1464.5
497,1205,1205-967.jpg,apple,19.063,Malus domestica,NA,723,5486,960.167,1878.167
498,1205,1205-968.jpg,apple,17.991,Malus domestica,NA,6936,5933.5,6884.25,1931.5
499,1205,1205-969.jpg,apple,17.063,Malus domestica,NA,5416,5805,4923.5,2446.5
500,1205,1205-972.jpg,apple,15.33,Malus domestica,NA,3052,5474,3049.5,8856.5
501,1205,1205-974.jpg,apple,16.528,Malus domestica,NA,1189.5,5531.5,997.5,8989.5
502,1208,1208-2-976.jpg,apple,23.254,Malus domestica,NA,2962,4982,3388.167,1042.833
503,1208,1208-2-977.jpg,apple,26.287,Malus domestica,NA,5253,5446,5481.167,1102.167
504,1208,1208-2-979.jpg,apple,29.857,Malus domestica,NA,1756,4066,1459.5,8685.834
505,1208,1208-2-980.jpg,apple,26.138,Malus domestica,NA,3863,4228,3781.5,8664.5
506,1208,1208-982.jpg,apple,25.922,Malus domestica,NA,5516,5052,5221.5,863.5
507,1211,1211-870.jpg,apple,20.938,Malus domestica,NA,2104,5213,6159.833,5849.833
508,1211,1211-872.jpg,apple,17.208,Malus domestica,NA,6071,6560,2196.5,5402.5
509,1211,1211-876.jpg,apple,17.89,Malus domestica,NA,3808,7832,3979.5,3853.5
510,1211,1211-878.jpg,apple,17.974,Malus domestica,NA,3665,7706,4348.833,3983.5
511,1211,1211-880.jpg,apple,21.042,Malus domestica,NA,3084,7814,5152.5,3876
512,1211,1211-882.jpg,apple,19.64,Malus domestica,NA,4284,3993,3792.5,7699.5
513,1211,1211-884.jpg,apple,16.321,Malus domestica,NA,4350,4151,4433.5,7538.5
514,1211,1211-886.jpg,apple,17.592,Malus domestica,NA,4450,4073,3936.5,7618.5
515,1211,1211-888.jpg,apple,15.294,Malus domestica,NA,4251.167,4153.833,4169.833,7536.5
516,1214,1214-2-990.jpg,apple,22.11,Malus domestica,NA,2662,5229,3093.167,795.833
517,1214,1214-2-991.jpg,apple,19.585,Malus domestica,NA,927,5260,1110.5,1371.5
518,1214,1214-2-992.jpg,apple,26.125,Malus domestica,NA,5597,3998,5063.5,8706.834
519,1214,1214-2-993.jpg,apple,22.522,Malus domestica,NA,7266,4017,7008.167,8716.5
520,1214,1214-2-995.jpg,apple,25.914,Malus domestica,NA,3565,4252,3213.5,8803.5
521,1214,1214-997.jpg,apple,25.035,Malus domestica,NA,2252.833,3001.833,2382.167,7635.833
522,1214,1214-998.jpg,apple,19.673,Malus domestica,NA,5130,3417,5459.5,7321
523,1215,1215-1005.jpg,apple,24.627,Malus domestica,NA,2975,5609,3072.5,890.5
524,1215,1215-1006.jpg,apple,20.337,Malus domestica,NA,7046,4830,5967.5,1132.167
525,1215,1215-1007.jpg,apple,33.018,Malus domestica,NA,4754,4422,4259.5,8539.5
526,1215,1215-1008.jpg,apple,20.396,Malus domestica,NA,1119,4701,2035.167,8052.167
527,1215,1215-2-891.jpg,apple,23.624,Malus domestica,NA,3944,7723,4499.167,3970.5
528,1215,1215-2-893.jpg,apple,26.434,Malus domestica,NA,4463,7802,4390.5,3856.5
529,1215,1215-2-895.jpg,apple,22.817,Malus domestica,NA,4383,7590,4370.5,3925.5
530,1215,1215-2-897.jpg,apple,22.982,Malus domestica,NA,4137.167,3630.5,4372.833,8061.167
531,1215,1215-2-899.jpg,apple,23.914,Malus domestica,NA,4252.5,3906.5,4292.5,7782.5
532,1218,1218-1017.jpg,apple,24.49,Malus domestica,NA,6269.5,5708.5,6239.5,1353.5
533,1218,1218-1018.jpg,apple,19.215,Malus domestica,NA,3601,5298,3378.167,1781.5
534,1218,1218-1019.jpg,apple,23.57,Malus domestica,NA,1581,3918,1904.5,8313.5
535,1218,1218-2-1010.jpg,apple,25.094,Malus domestica,NA,6913,5395,6620.5,1218.5
536,1218,1218-2-1011.jpg,apple,26.493,Malus domestica,NA,2778,5972,2063.5,1283.5
537,1218,1218-2-1012.jpg,apple,19.883,Malus domestica,NA,4718,5696,4173.5,1487.5
538,1218,1218-2-1013.jpg,apple,27.005,Malus domestica,NA,5809.5,4461.5,6271.5,9101.5
539,1218,1218-2-1014.jpg,apple,24.843,Malus domestica,NA,581,4600,1428.5,9061.5
540,1218,1218-2-1015.jpg,apple,18.886,Malus domestica,NA,3801,4775,4078.5,9002.5
541,1220,1220-1749.jpg,apple,26.695,Malus domestica,NA,2831,5499,2846.5,1222.5
542,1220,1220-1750.jpg,apple,28.214,Malus domestica,NA,4889,5065,5376.5,1270.5
543,1220,1220-1751.jpg,apple,27.682,Malus domestica,NA,1657,4094,1170.5,8621.5
544,1220,1220-1752.jpg,apple,30.337,Malus domestica,NA,6380,4373,6277.5,8601.5
545,1220,1220-1753.jpg,apple,28.338,Malus domestica,NA,4209,4637,4076.5,8621.5
546,1220,1220-2-1743.jpg,apple,25.555,Malus domestica,NA,2592,5517,2750.5,797.5
547,1220,1220-2-1744.jpg,apple,27.019,Malus domestica,NA,5705,5178,5050.5,1018.5
548,1220,1220-2-1745.jpg,apple,24.628,Malus domestica,NA,6943,3952,6576.25,8671
549,1220,1220-2-1746.jpg,apple,27.203,Malus domestica,NA,1216,4224,1567.5,8359.5
550,1220,1220-2-1747.jpg,apple,23.843,Malus domestica,NA,3714.5,4317.5,3584.5,8319.5
551,1229,1229-904.jpg,apple,19.255,Malus domestica,NA,5862,5201,2389.5,6432.5
552,1229,1229-906.jpg,apple,25.277,Malus domestica,NA,1730,6616,6536.5,5145.5
553,1229,1229-908.jpg,apple,19.515,Malus domestica,NA,5014,7820,3829.5,3866.5
554,1229,1229-910.jpg,apple,27.423,Malus domestica,NA,5269,7716,3263.167,3970.5
555,1229,1229-912.jpg,apple,20.223,Malus domestica,NA,4540,7979,3897.5,3713.5
556,1229,1229-914.jpg,apple,24.178,Malus domestica,NA,4550,8148,4275.5,3545.5
557,1229,1229-916.jpg,apple,24.892,Malus domestica,NA,4016,3593,4104.5,8098.5
558,1229,1229-918.jpg,apple,19.723,Malus domestica,NA,3484,3813,4720.5,7878.167
559,1229,1229-920.jpg,apple,25.461,Malus domestica,NA,4337,3755,3677.167,7939.167
560,1229,1229-922.jpg,apple,19.862,Malus domestica,NA,3964,3997,3953.5,7696.5
561,1232,1232-1757.jpg,apple,15.149,Malus domestica,NA,4515,559,7569.5,1451.5
562,1232,1232-1758.jpg,apple,16.341,Malus domestica,NA,5730,1925,2542.5,1213.833
563,1232,1232-1759.jpg,apple,23.549,Malus domestica,NA,3916,5984,3878.5,2203.167
564,1232,1232-1760.jpg,apple,21.752,Malus domestica,NA,5863,6049,5486.5,2352.5
565,1232,1232-1761.jpg,apple,21.808,Malus domestica,NA,1896,5788,896.5,2553.5
566,1232,1232-1762.jpg,apple,16.025,Malus domestica,NA,6735,5844,7420.5,2601.5
567,1232,1232-1763.jpg,apple,21.672,Malus domestica,NA,950,4827,723.167,9008.834
568,1232,1232-1764.jpg,apple,27.876,Malus domestica,NA,5047,5282,4521.5,9142.167
569,1232,1232-1765.jpg,apple,15.932,Malus domestica,NA,2644,5375,2685.5,8943.5
570,1232,1232-1766.jpg,apple,20.676,Malus domestica,NA,7409,5718,6674.5,8871.5
571,1234,1234-1772.jpg,apple,24.312,Malus domestica,NA,4744,5583,4680.5,723.5
572,1234,1234-1773.jpg,apple,22.494,Malus domestica,NA,6371,4633,7121.5,821
573,1234,1234-1774.jpg,apple,28.692,Malus domestica,NA,2841,5328,2990.5,1123.5
574,1234,1234-1775.jpg,apple,25.971,Malus domestica,NA,7167,4320,7339.167,8720.834
575,1234,1234-1776.jpg,apple,27.29,Malus domestica,NA,1745,4626,1412.5,8718.5
576,1234,1234-1777.jpg,apple,19.669,Malus domestica,NA,5671.5,4840.5,4981.833,8689.5
577,1234,1234-2-1768.jpg,apple,24.005,Malus domestica,NA,6297,6616,6014.5,2295.5
578,1234,1234-2-1769.jpg,apple,26.708,Malus domestica,NA,1990,3434,1596.5,7631.5
579,1234,1234-2-1770.jpg,apple,22.876,Malus domestica,NA,4686.5,3823.5,4176.5,7850.5
580,1235,1235-1785.jpg,apple,31.229,Malus domestica,NA,6418,3981,6043.5,8552.5
581,1235,1235-2-925.jpg,apple,38.516,Malus domestica,NA,1498,6005,6767.5,6028.833
582,1235,1235-2-929.jpg,apple,21.063,Malus domestica,NA,3930,7648,4163.5,4039.5
583,1235,1235-2-931.jpg,apple,21.894,Malus domestica,NA,3554,7930,4612.5,3866.167
584,1235,1235-2-933.jpg,apple,25.584,Malus domestica,NA,3872,8091,4077.5,3972.5
585,1235,1235-2-935.jpg,apple,27.29,Malus domestica,NA,4536,3762,3755.5,8157.5
586,1235,1235-2-937.jpg,apple,27.953,Malus domestica,NA,4424.5,3545.5,4514.5,8143.5
587,1239,1239-1793.jpg,apple,31.753,Malus domestica,NA,2414,4762,2155.5,1123.5
588,1239,1239-1795.jpg,apple,36.22,Malus domestica,NA,6552.5,4721.5,6480.5,8587.5
589,1239,1239-1796.jpg,apple,30.586,Malus domestica,NA,1642,4747,1440.833,8355.833
590,1239,1239-1797.jpg,apple,38.333,Malus domestica,NA,3910,4758,3991.5,8733.5
591,1239,1239-2-940.jpg,apple,37.954,Malus domestica,NA,2969,7885,4829.5,3804.5
592,1239,1239-2-942.jpg,apple,40.012,Malus domestica,NA,4174,7792,4713.5,3895.5
593,1239,1239-2-944.jpg,apple,37.713,Malus domestica,NA,4205,3890,4028.5,7803.5
594,1239,1239-2-946.jpg,apple,38.7,Malus domestica,NA,4264,3680,3575.5,7881.5
595,1239,1239-2-948.jpg,apple,48.774,Malus domestica,NA,4029.5,3770.5,3909.5,7806.5
596,1241,1241-951.jpg,apple,20.774,Malus domestica,NA,6022.5,6332.5,2346.833,5820.833
597,1241,1241-953.jpg,apple,20.075,Malus domestica,NA,2117.5,5622.5,6060.5,6012.5
598,1241,1241-955.jpg,apple,23.222,Malus domestica,NA,3427,7850,4182.5,3840.5
599,1241,1241-957.jpg,apple,29.944,Malus domestica,NA,4655,3881,3594.167,7811.167
600,1241,1241-959.jpg,apple,22.411,Malus domestica,NA,3951,7876,4158.5,3897.5
601,1241,1241-961.jpg,apple,23.126,Malus domestica,NA,4263.5,4136.5,4164.5,7563.5
602,1241,1241-963.jpg,apple,22.153,Malus domestica,NA,3495,7773,4651.5,3916.833
603,1241,1241-965.jpg,apple,23.19,Malus domestica,NA,4239,4030,4092.5,7661.5
604,1241,1241-969.jpg,apple,26.05,Malus domestica,NA,3233,7842,4621,3637.5
605,1244,1244-1806.jpg,apple,29.194,Malus domestica,NA,5001,4931,6589.833,1095.5
606,1244,1244-1807.jpg,apple,28.421,Malus domestica,NA,3090,5121,3292,1125.5
607,1244,1244-1809.jpg,apple,30.905,Malus domestica,NA,6305,4498,5910.167,8824.834
608,1244,1244-2-1799.jpg,apple,25.609,Malus domestica,NA,6679,4452,6989.833,366.5
609,1244,1244-2-1800.jpg,apple,29.5,Malus domestica,NA,2631,5433,1948.5,943.167
610,1244,1244-2-1801.jpg,apple,26.255,Malus domestica,NA,4716.5,5036.5,4823.5,1210.5
611,1244,1244-2-1802.jpg,apple,28.983,Malus domestica,NA,971,4309,1591.5,8675.5
612,1244,1244-2-1803.jpg,apple,31.368,Malus domestica,NA,3940,4596,3485.833,8901.5
613,1248,1248-1817.jpg,apple,19.297,Malus domestica,NA,7100.5,5239.167,6628.5,1293.833
614,1248,1248-1818.jpg,apple,24.6,Malus domestica,NA,2333,5224,2033.5,1519.5
615,1248,1248-1819.jpg,apple,25.246,Malus domestica,NA,1162,4319,1478.167,8908.5
616,1248,1248-1820.jpg,apple,20.721,Malus domestica,NA,5942,4342,6125.5,8507.5
617,1248,1248-1821.jpg,apple,26.593,Malus domestica,NA,3558,4967,3713.5,8941.167
618,1248,1248-2-1811.jpg,apple,23.23,Malus domestica,NA,3367,5211,2750.167,947.167
619,1248,1248-2-1812.jpg,apple,20.968,Malus domestica,NA,6463,5434,6767.5,1439.5
620,1248,1248-2-1813.jpg,apple,21.263,Malus domestica,NA,1350.5,3846.5,1585,8065.5
621,1248,1248-2-1814.jpg,apple,17.73,Malus domestica,NA,5445,3945,4781.5,7701
622,1250,1250-1829.jpg,apple,25.804,Malus domestica,NA,5049,5299,5487.167,1181.167
623,1250,1250-1830.jpg,apple,23.434,Malus domestica,NA,2872.5,5671,2782.5,1397.5
624,1250,1250-1831.jpg,apple,23.375,Malus domestica,NA,6203,3775,6765.5,8190.5
625,1250,1250-2-1823.jpg,apple,28.001,Malus domestica,NA,2328,5013,3027.833,1042.167
626,1250,1250-2-1824.jpg,apple,27.071,Malus domestica,NA,5283,5177,5371.5,1439.5
627,1250,1250-2-1825.jpg,apple,31.033,Malus domestica,NA,6455,4788,6362.5,8858.5
628,1250,1250-2-1826.jpg,apple,27.548,Malus domestica,NA,4073,4872,3513,8584.5
629,1250,1250-2-1827.jpg,apple,27.014,Malus domestica,NA,1239,5291,1432.5,8780.5
630,1253,1253-1840.jpg,apple,23.902,Malus domestica,NA,6882,5526,7047,958.5
631,1253,1253-1841.jpg,apple,22.646,Malus domestica,NA,5078.938,5180.5,4624.75,1190.75
632,1253,1253-1842.jpg,apple,19.812,Malus domestica,NA,2524.833,5092.167,2519.833,1276.167
633,1253,1253-1843.jpg,apple,23.683,Malus domestica,NA,5915.5,4358.5,6166.875,8812.375
634,1253,1253-1844.jpg,apple,25.554,Malus domestica,NA,1262.167,4541.5,1680.5,8551.5
635,1253,1253-2-1835.jpg,apple,20.43,Malus domestica,NA,6015,5572,5778.5,1388.5
636,1253,1253-2-1836.jpg,apple,23.887,Malus domestica,NA,2944,5810,3639.5,1632.5
637,1253,1253-2-1837.jpg,apple,25.37,Malus domestica,NA,1434,3381.5,2005.833,8112.5
638,1253,1253-2-1838.jpg,apple,22.264,Malus domestica,NA,4397,3994,5092.5,8331.5
639,1256,1256-2-1847.jpg,apple,26.69,Malus domestica,NA,4846.75,3739.75,7707.5,261.833
640,1256,1256-2-1848.jpg,apple,23.415,Malus domestica,NA,2309.5,3625.333,5265,948
641,1256,1256-2-1849.jpg,apple,19.594,Malus domestica,NA,403.667,3984.167,3006.25,1395.75
642,1256,1256-2-1851.jpg,apple,26.143,Malus domestica,NA,6694,4719.5,5852.25,9009.5
643,1256,1256-2-1852.jpg,apple,23.559,Malus domestica,NA,1631,4875,1382.833,8626.167
644,1258,1258-1859.jpg,apple,10.804,Malus domestica,NA,4845.5,769.5,7650.5,1142.5
645,1258,1258-1860.jpg,apple,12.696,Malus domestica,NA,5173.5,1520.917,2169.5,1237.75
646,1258,1258-1864.jpg,apple,10.661,Malus domestica,NA,7159.5,5022.833,7321.167,2797.667
647,1258,1258-1865.jpg,apple,14.608,Malus domestica,NA,4296.833,4944.5,5133.417,8588.5
648,1258,1258-1866.jpg,apple,14.091,Malus domestica,NA,6561,5031.5,7387,8275.5
649,1258,1258-1867.jpg,apple,12.575,Malus domestica,NA,3178.167,5589.333,2759.375,8596.438
650,1258,1258-1868.jpg,apple,13.112,Malus domestica,NA,930.833,5817.5,802.667,8588.5
651,1260,1260-972.jpg,apple,18.675,Malus domestica,NA,6036.5,5264.25,2227.5,5923.833
652,1260,1260-974.jpg,apple,18.405,Malus domestica,NA,2212.5,6585.5,6052.5,5775
653,1260,1260-976.jpg,apple,20.005,Malus domestica,NA,3781.5,8026.167,4044.25,3663.5
654,1260,1260-978.jpg,apple,22.284,Malus domestica,NA,3584,8063,4348.833,3628.583
655,1260,1260-980.jpg,apple,22.97,Malus domestica,NA,4407.5,7952,4185.25,3736.5
656,1260,1260-982.jpg,apple,23.938,Malus domestica,NA,5224,8213.25,3353.5,3560.5
657,1260,1260-986.jpg,apple,13.524,Malus domestica,NA,3365.5,4372.5,4714.25,7326.5
658,1260,1260-988.jpg,apple,17.921,Malus domestica,NA,4445,3800,4174.25,7891.5
659,1260,1260-990.jpg,apple,23.43,Malus domestica,NA,4652.833,3629.5,4247.833,8062.5
660,1265,1265-1001.jpg,apple,33.506,Malus domestica,NA,3563,3228,4197.5,8321.5
661,1265,1265-1003.jpg,apple,24.645,Malus domestica,NA,4227,7947,4046.25,3974.25
662,1265,1265-2-1879.jpg,apple,24.302,Malus domestica,NA,3425,5930,3040.167,1773.5
663,1265,1265-2-1880.jpg,apple,21.224,Malus domestica,NA,6612,5858,6720.833,1983.5
664,1265,1265-2-1881.jpg,apple,25.649,Malus domestica,NA,5119,3900,4886.5,8014.5
665,1265,1265-2-1882.jpg,apple,24.665,Malus domestica,NA,1629,8175,1382.5,4777.5
666,1265,1265-993.jpg,apple,27.52,Malus domestica,NA,4542,8039.5,3830.25,3651.583
667,1265,1265-995.jpg,apple,26.168,Malus domestica,NA,4001,3605,3913.5,8084
668,1265,1265-997.jpg,apple,21.719,Malus domestica,NA,4518,8014,4025.5,3676.25
669,1265,1265-999.jpg,apple,29.512,Malus domestica,NA,3849,3489,4229.167,8202.5
670,1271,1271-1893.jpg,apple,22.726,Malus domestica,NA,6080.167,5641.5,6332.833,889.667
671,1271,1271-1894.jpg,apple,21.2,Malus domestica,NA,4037.5,5786.5,4299.958,992.5
672,1271,1271-1895.jpg,apple,22.152,Malus domestica,NA,2135,6840,1634.5,1630.5
673,1271,1271-1896.jpg,apple,21.669,Malus domestica,NA,4842.5,3887.5,4953.833,8749.5
674,1271,1271-1897.jpg,apple,26.128,Malus domestica,NA,7105.167,3949.5,6600.833,8813.334
675,1271,1271-1898.jpg,apple,22.008,Malus domestica,NA,2928,4178,3034.167,8761.834
676,1271,1271-2-1889.jpg,apple,23.773,Malus domestica,NA,5912,7463,6575.5,2894.5
677,1271,1271-2-1890.jpg,apple,18.552,Malus domestica,NA,3480,7453,4020.167,3502.5
678,1271,1271-2-1891.jpg,apple,19.571,Malus domestica,NA,1428.5,7831.5,1853.333,3695.667
679,1280,1280-1903.jpg,apple,42.117,Malus domestica,NA,5470.833,4778.5,4963.667,126.5
680,1280,1280-1904.jpg,apple,35.471,Malus domestica,NA,2684,5069,2748.125,534.5
681,1280,1280-1905.jpg,apple,39.52,Malus domestica,NA,1597.167,3947.5,1323.5,8555.5
682,1280,1280-1906.jpg,apple,37.027,Malus domestica,NA,6867.5,3964.5,6545.167,8445.5
683,1280,1280-1907.jpg,apple,47.816,Malus domestica,NA,3896,4118,4069.5,9009.5
684,1281,1281-1914.jpg,apple,32.704,Malus domestica,NA,6929,4709,6757,674.5
685,1281,1281-1915.jpg,apple,26.798,Malus domestica,NA,2385.5,5592.5,2737.167,1841.833
686,1281,1281-1916.jpg,apple,30.326,Malus domestica,NA,4799.167,5718.5,4640.833,1903.167
687,1281,1281-1917.jpg,apple,30.794,Malus domestica,NA,1034.833,4123.5,599,8600.5
688,1281,1281-1918.jpg,apple,27.528,Malus domestica,NA,6313,4458,5796.25,8611.5
689,1281,1281-1919.jpg,apple,27.188,Malus domestica,NA,3477,5124,3704,8737.5
690,1281,1281-2-1910.jpg,apple,22.79,Malus domestica,NA,6334,6129,6179.5,2383.833
691,1281,1281-2-1911.jpg,apple,27.231,Malus domestica,NA,4721.625,4904.5,4716.5,8945
692,1281,1281-2-1912.jpg,apple,29.226,Malus domestica,NA,2059.25,5135.5,1911.5,8983
693,1286,1286-1929.jpg,apple,15.693,Malus domestica,NA,3521.5,2902.833,6171.5,1970
694,1286,1286-1930.jpg,apple,19.932,Malus domestica,NA,3694.5,3763.5,2975.75,7474.5
695,1286,1286-2-1921.jpg,apple,27.282,Malus domestica,NA,3389.333,1632.5,7751.438,1917.125
696,1286,1286-2-1922.jpg,apple,26.215,Malus domestica,NA,1624.833,5742.5,4491.375,2454.75
697,1286,1286-2-1923.jpg,apple,19.858,Malus domestica,NA,6293,5325.5,5660.833,2456.833
698,1286,1286-2-1925.jpg,apple,17.643,Malus domestica,NA,7488,4895.5,7201.25,8145.25
699,1286,1286-2-1926.jpg,apple,23.586,Malus domestica,NA,568.5,5049,1138.667,8633.5
700,1286,1286-2-1927.jpg,apple,20.026,Malus domestica,NA,3385.5,5329.5,3224.25,8419.625
701,1290,1290-1939.jpg,apple,29.533,Malus domestica,NA,4906.5,5422.5,5681.5,899.5
702,1290,1290-1940.jpg,apple,25.903,Malus domestica,NA,3137.25,5860.25,1333.667,1438.5
703,1290,1290-1941.jpg,apple,25.829,Malus domestica,NA,868.167,3779.5,1217,8716.5
704,1290,1290-1942.jpg,apple,27.472,Malus domestica,NA,3503,4362,3428.833,8922.666
705,1290,1290-1943.jpg,apple,28.541,Malus domestica,NA,6681,4560.5,6886.333,8831.5
706,1290,1290-2-1933.jpg,apple,23.389,Malus domestica,NA,4083,4948.5,2959.5,827.5
707,1290,1290-2-1934.jpg,apple,28.654,Malus domestica,NA,7187.167,5397.5,7211,1079.333
708,1290,1290-2-1935.jpg,apple,23.72,Malus domestica,NA,1354.167,6119.5,985.562,1463.5
709,1290,1290-2-1936.jpg,apple,34.789,Malus domestica,NA,2894,4074,2489.833,8652.5
710,1296,1296-1945.jpg,apple,14.382,Malus domestica,NA,5842.25,123,2792.5,1044.25
711,1296,1296-1946.jpg,apple,11.47,Malus domestica,NA,4530.333,2360.833,7454.25,745.5
712,1296,1296-1947.jpg,apple,14.712,Malus domestica,NA,1966.25,5206.375,635.542,1930.5
713,1296,1296-1948.jpg,apple,12.847,Malus domestica,NA,3422,5264.5,2499.875,2133.5
714,1296,1296-1949.jpg,apple,13.453,Malus domestica,NA,4602.333,5685.667,4392.333,2419.333
715,1296,1296-1951.jpg,apple,19.448,Malus domestica,NA,2796.167,4803.5,2993.833,8706.5
716,1296,1296-1952.jpg,apple,15.602,Malus domestica,NA,952.75,4870.5,1034.583,8726.417
717,1296,1296-1953.jpg,apple,16.615,Malus domestica,NA,7232,4965,6996.125,8531.375
718,1298,1298-1957.jpg,apple,12.084,Malus domestica,NA,3496.75,5135.25,3500.5,2136.5
719,1298,1298-1958.jpg,apple,12.491,Malus domestica,NA,1600.167,5721.5,1686.167,2370.5
720,1298,1298-1959.jpg,apple,11.684,Malus domestica,NA,6429.5,5585.333,6224.25,2479.5
721,1298,1298-1960.jpg,apple,8.819,Malus domestica,NA,4552.75,5302.5,5284.333,2610.5
722,1298,1298-1962.jpg,apple,11.005,Malus domestica,NA,5685.375,5294.5,5496.375,8497.5
723,1298,1298-1964.jpg,apple,12.902,Malus domestica,NA,2893.688,5589.5,2676.458,8585.5
724,1298,1298-1965.jpg,apple,8.98,Malus domestica,NA,4292.5,5810.25,4192.188,8559.438
725,1302,1302-2015.jpg,apple,15.874,Malus domestica,NA,4812.583,2478.333,6929.5,590.625
726,1302,1302-2016.jpg,apple,13.659,Malus domestica,NA,2302.583,2908.417,4716.375,1573.5
727,1302,1302-2018.jpg,apple,16.241,Malus domestica,NA,535.625,5674.5,1064.25,2558.583
728,1302,1302-2019.jpg,apple,16.119,Malus domestica,NA,4394.25,6511.25,4671.083,3069.5
729,1302,1302-2020.jpg,apple,19.25,Malus domestica,NA,1971.5,6292.5,2942.25,3305.75
730,1302,1302-2022.jpg,apple,18.241,Malus domestica,NA,5630.5,5198.167,5298.375,8741.375
731,1302,1302-2023.jpg,apple,17.662,Malus domestica,NA,6789.583,5296.5,6945.333,8886.5
732,1302,1302-2024.jpg,apple,18.772,Malus domestica,NA,924.167,5455.333,997.625,8766.5
733,1307,1307-2135.jpg,apple,13.058,Malus sieversii,NA,5561.5,537,2682.5,1309.833
734,1307,1307-2137.jpg,apple,18.084,Malus sieversii,NA,950.75,6398.5,1137.5,2393.417
735,1307,1307-2139.jpg,apple,19.115,Malus sieversii,NA,6289.5,6222.5,6700.167,2673.5
736,1307,1307-2140.jpg,apple,16.758,Malus sieversii,NA,2564.167,6019.333,2809.5,2693.5
737,1307,1307-2141.jpg,apple,14.669,Malus sieversii,NA,7937.833,4952.5,7031.625,7634.5
738,1307,1307-2142.jpg,apple,15.753,Malus sieversii,NA,3369.167,5347.5,3683.917,8693.583
739,1307,1307-2143.jpg,apple,18.414,Malus sieversii,NA,5584.833,5392.5,5478.875,8644.5
740,1312,1312-107.jpg,apple,19.559,Malus sieversii,NA,3768,7875.333,4058.333,3816.5
741,1312,1312-109.jpg,apple,15.933,Malus sieversii,NA,3532.5,7689.5,4262.125,4002.625
742,1312,1312-111.jpg,apple,17.377,Malus sieversii,NA,6039.5,5622.25,2227.5,6028.75
743,1312,1312-113.jpg,apple,13.033,Malus sieversii,NA,3723,7881.25,4160,3807.5
744,1312,1312-115.jpg,apple,14.898,Malus sieversii,NA,4276,7565.5,4198.5,4125.25
745,1312,1312-117.jpg,apple,19.446,Malus sieversii,NA,4120,7571.5,4211,4121.5
746,1312,1312-119.jpg,apple,21.551,Malus sieversii,NA,4769.5,3616.5,3441.333,8074.5
747,1312,1312-121.jpg,apple,15.211,Malus sieversii,NA,4328,4100,3760.25,7590.5
748,1312,1312-123.jpg,apple,18.635,Malus sieversii,NA,4500.833,3650.5,3510.75,8040
749,1312,1312-125.jpg,apple,17.189,Malus sieversii,NA,4024,3877,4116.5,7812.5
750,1316,1316-2296.jpg,apple,10.611,Malus sieversii,NA,5180.5,562,8072.5,1560.25
751,1316,1316-2297.jpg,apple,10.984,Malus sieversii,NA,5122.5,1721.833,2738.333,2000.167
752,1316,1316-2298.jpg,apple,10.708,Malus sieversii,NA,1158,5770.5,938.5,2818.833
753,1316,1316-2299.jpg,apple,11.366,Malus sieversii,NA,2976.875,5341.375,3142.75,2855.5
754,1316,1316-2300.jpg,apple,12.321,Malus sieversii,NA,7043.5,5377.5,7089.5,2870
755,1316,1316-2301.jpg,apple,13.616,Malus sieversii,NA,5083.167,5523.5,4732,2891.5
756,1316,1316-2302.jpg,apple,14.922,Malus sieversii,NA,4330.5,5704.167,5047.667,8485.417
757,1316,1316-2303.jpg,apple,13.579,Malus sieversii,NA,6739.75,5843.5,6791.375,8725.375
758,1316,1316-2304.jpg,apple,13.014,Malus sieversii,NA,2875.25,5908.25,3102.25,8699.5
759,1316,1316-2305.jpg,apple,11.931,Malus sieversii,NA,1029,6196.5,1684.75,8684.25
760,1319,1319-130.jpg,apple,19.997,Malus sieversii,NA,3962.5,8111,4087.5,3578.5
761,1319,1319-134.jpg,apple,20.03,Malus sieversii,NA,4120,7952,4394.167,3739.167
762,1319,1319-136.jpg,apple,21.39,Malus sieversii,NA,4255,7882,4373.5,3809.5
763,1319,1319-138.jpg,apple,20.262,Malus sieversii,NA,4062.5,8155.75,4023.25,3536.5
764,1319,1319-140.jpg,apple,18.164,Malus sieversii,NA,4597.167,3647.5,3319.75,8042.5
765,1319,1319-142.jpg,apple,20.693,Malus sieversii,NA,4456,3822,4369.5,8094.5
766,1319,1319-144.jpg,apple,20.216,Malus sieversii,NA,4055,3587.5,4628.833,8104.5
767,1319,1319-146.jpg,apple,19.498,Malus sieversii,NA,3808.833,3691.5,4118,8000.5
768,1322,1322-149.jpg,apple,20.206,Malus sieversii,NA,5100,3535,3249.5,8158.5
769,1322,1322-151.jpg,apple,18.343,Malus sieversii,NA,4556,3588,3912.5,8102.5
770,1322,1322-153.jpg,apple,25.24,Malus sieversii,NA,3978.5,3794.5,4167.5,7892.5
771,1322,1322-157.jpg,apple,18.666,Malus sieversii,NA,1921,5589,6348.167,6172.833
772,1322,1322-2-1034.jpg,apple,24.705,Malus sieversii,NA,5430.875,5452.5,5171.5,705.5
773,1322,1322-2-1035.jpg,apple,21.319,Malus sieversii,NA,2570.5,5170.375,3294.917,1001.583
774,1322,1322-2-1036.jpg,apple,19.962,Malus sieversii,NA,6141.25,4229.5,6157.625,8575.5
775,1322,1322-2-1037.jpg,apple,19.134,Malus sieversii,NA,1614.25,4265.5,1007.833,8409.834
776,1326,1326-2317.jpg,apple,14.781,Malus sieversii,NA,5590,1009,2395.5,1733.167
777,1326,1326-2318.jpg,apple,18.373,Malus sieversii,NA,4699.5,2135,8089,1082.25
778,1326,1326-2319.jpg,apple,14.509,Malus sieversii,NA,5208,5438,5126.5,2399.5
779,1326,1326-2321.jpg,apple,17.745,Malus sieversii,NA,7191.667,6398.5,7157.667,2552.5
780,1326,1326-2322.jpg,apple,16.787,Malus sieversii,NA,3369,6116.5,3055.833,2907.5
781,1326,1326-2323.jpg,apple,19.836,Malus sieversii,NA,984,4702,885.833,8970.5
782,1326,1326-2325.jpg,apple,18.086,Malus sieversii,NA,2669.5,5058.5,2901,8888.5
783,1326,1326-2326.jpg,apple,15.567,Malus sieversii,NA,4700,5655,4703.5,8879.5
784,1328,1328-2328.jpg,apple,20.149,Malus sieversii,NA,5270.333,1074.5,2145.5,749
785,1328,1328-2329.jpg,apple,19.631,Malus sieversii,NA,4691.5,1585,8186.833,1273.833
786,1328,1328-2330.jpg,apple,19.503,Malus sieversii,NA,977.25,5588.5,1593,1937.5
787,1328,1328-2331.jpg,apple,20.274,Malus sieversii,NA,2229,5854,3768.75,1944.5
788,1328,1328-2332.jpg,apple,22.583,Malus sieversii,NA,4716,6145.25,5035.125,2044.5
789,1328,1328-2333.jpg,apple,20.522,Malus sieversii,NA,6612,5573,6995.5,2218.5
790,1328,1328-2334.jpg,apple,22.654,Malus sieversii,NA,3615.25,4062.5,3113.833,8275.5
791,1328,1328-2336.jpg,apple,19.321,Malus sieversii,NA,5318,4951,5133.25,8857.5
792,1328,1328-2337.jpg,apple,22.829,Malus sieversii,NA,7161.5,5494.5,7133.167,8549.5
793,1330,1330-2339.jpg,apple,11.581,Malus sieversii,NA,5067.5,82.25,5492.125,2441.5
794,1330,1330-2340.jpg,apple,15.068,Malus sieversii,NA,6284.625,3354.375,7580.375,452.5
795,1330,1330-2341.jpg,apple,13.334,Malus sieversii,NA,4494,841,2434.5,1878.125
796,1330,1330-2342.jpg,apple,17.32,Malus sieversii,NA,1259.333,5418.5,1187.167,2468.5
797,1330,1330-2343.jpg,apple,13.595,Malus sieversii,NA,1840.833,2631.5,2704.167,5943.5
798,1330,1330-2344.jpg,apple,13.508,Malus sieversii,NA,4344,5933.5,4187.25,2805.25
799,1330,1330-2345.jpg,apple,20.305,Malus sieversii,NA,5075.25,7373.5,5798.75,3175.5
800,1330,1330-2346.jpg,apple,23.547,Malus sieversii,NA,7812.167,3785.833,6849,8435.25
801,1330,1330-2347.jpg,apple,14.787,Malus sieversii,NA,1006.167,5069.5,1228.5,8261.5
802,1330,1330-2348.jpg,apple,17.204,Malus sieversii,NA,3827.25,5583.375,4282.5,8686.25
803,1331,1331-2350.jpg,apple,10.384,Malus sieversii,NA,5201.5,722.5,7894.5,852.25
804,1331,1331-2351.jpg,apple,11.082,Malus sieversii,NA,5366.5,1750.167,2573.5,2014.125
805,1331,1331-2352.jpg,apple,11.137,Malus sieversii,NA,6895.75,5362.625,6764.375,2464.5
806,1331,1331-2353.jpg,apple,10.953,Malus sieversii,NA,4608.167,5477.5,4697.083,2713.5
807,1331,1331-2354.jpg,apple,12.385,Malus sieversii,NA,1516,5620,1142.167,2966.5
808,1331,1331-2355.jpg,apple,12.077,Malus sieversii,NA,3226.667,5638.5,3061.5,3072.5
809,1331,1331-2356.jpg,apple,10.799,Malus sieversii,NA,6728.25,5711.5,6799.5,8508.5
810,1331,1331-2357.jpg,apple,12.035,Malus sieversii,NA,4208,5833.5,4798,8145.375
811,1331,1331-2358.jpg,apple,10.994,Malus sieversii,NA,1164.75,5883.75,1044.167,8783.5
812,1331,1331-2359.jpg,apple,10.571,Malus sieversii,NA,2640.25,6095.5,2820.125,8654.5
813,2002,2002-164.jpg,apple,18.463,Malus sieversii,NA,4510,8162,3899.875,3528.5
814,2002,2002-166.jpg,apple,15.896,Malus sieversii,NA,3844.5,8098,3924.25,3591.5
815,2002,2002-168.jpg,apple,15.205,Malus sieversii,NA,4155.667,7959.5,3999.5,3729.833
816,2002,2002-170.jpg,apple,14.013,Malus sieversii,NA,4021,7498,4255.167,4193.833
817,2002,2002-172.jpg,apple,11.645,Malus sieversii,NA,3946.667,4100.667,4221,7590.5
818,2002,2002-178.jpg,apple,13.836,Malus sieversii,NA,4085.25,4043.5,3953.5,7648.5
819,2006,2006-2-2371.jpg,apple,30.544,Malus sieversii,NA,5145,5302,5525.25,1052.5
820,2006,2006-2-2372.jpg,apple,27.739,Malus sieversii,NA,2498.167,6721.5,1976.5,1519.5
821,2006,2006-2-2373.jpg,apple,36.849,Malus sieversii,NA,6341.167,3684.5,6390,8505.375
822,2006,2006-2-2374.jpg,apple,32.823,Malus sieversii,NA,3876.167,3740.5,4182.417,8716.5
823,2006,2006-2-2375.jpg,apple,27.247,Malus sieversii,NA,1275.833,4481.5,1213,8480.5
824,2006,2006-2378.jpg,apple,25.8,Malus sieversii,NA,2816.625,5851.5,3464.167,949.5
825,2006,2006-2379.jpg,apple,29.388,Malus sieversii,NA,4368.5,3285.5,4361.375,8276.5
826,2006,2006-2380.jpg,apple,26.995,Malus sieversii,NA,6181.167,3959.5,6180.583,8750.5
827,2006,2006-2381.jpg,apple,31.823,Malus sieversii,NA,1557.25,4132.25,1436.125,8266.375
828,2009,2009-1049.jpg,apple,26.518,Malus sieversii,NA,5957.75,4816.25,6416.5,491.5
829,2009,2009-1050.jpg,apple,20.795,Malus sieversii,NA,4103.25,4802.5,4063.375,1554.5
830,2009,2009-1051.jpg,apple,23.119,Malus sieversii,NA,1683.125,6538.5,2121.458,1932.542
831,2009,2009-1052.jpg,apple,22.014,Malus sieversii,NA,7196.75,4348.5,7115.167,8231.5
832,2009,2009-1053.jpg,apple,21.217,Malus sieversii,NA,5307.125,4506.5,5019.875,8326.375
833,2009,2009-1054.jpg,apple,25.867,Malus sieversii,NA,3480.833,4681.5,2883.25,8660.5
834,2009,2009-1055.jpg,apple,17.932,Malus sieversii,NA,895.25,4802.5,933.875,8665.5
835,2009,2009-2-1045.jpg,apple,19.18,Malus sieversii,NA,5818.5,2679,2429.5,2584.583
836,2009,2009-2-1047.jpg,apple,27.808,Malus sieversii,NA,6257,3596.5,5447.833,8289.5
837,2012,2012-2-2383.jpg,apple,26.79,Malus sieversii,NA,6911.625,4223.5,6648.75,356.375
838,2012,2012-2-2384.jpg,apple,30.372,Malus sieversii,NA,4493.25,5004.5,4112.25,1115.5
839,2012,2012-2-2385.jpg,apple,25.148,Malus sieversii,NA,1888.5,5316.5,1368.5,1572.5
840,2012,2012-2-2386.jpg,apple,27.741,Malus sieversii,NA,3292,4261.5,3140.167,8188.167
841,2012,2012-2-2387.jpg,apple,26.408,Malus sieversii,NA,5910.667,4742.5,6613.25,8364.375
842,2012,2012-2-2388.jpg,apple,23.605,Malus sieversii,NA,1448.167,5012.5,1006.25,8488.25
843,2012,2012-2390.jpg,apple,32.51,Malus sieversii,NA,6215.5,5352.5,5704.25,1243.5
844,2012,2012-2391.jpg,apple,31.278,Malus sieversii,NA,2784.25,5729.5,3032.667,1558.5
845,2012,2012-2392.jpg,apple,30.687,Malus sieversii,NA,4749.833,3844.833,4582.75,8480.25
846,2012,2012-2393.jpg,apple,22.202,Malus sieversii,NA,1419.5,4624.5,1636.875,8172.375
847,2014,2014-2-2395.jpg,apple,23.879,Malus sieversii,NA,3423.5,4479.375,2959.333,1156.5
848,2014,2014-2-2396.jpg,apple,24.508,Malus sieversii,NA,6005.25,4854.5,5978,1384.5
849,2014,2014-2-2397.jpg,apple,26.749,Malus sieversii,NA,1559.667,3586.5,2014.25,8209.25
850,2014,2014-2-2398.jpg,apple,28.116,Malus sieversii,NA,4479.833,4775.5,4407.25,8338.5
851,2014,2014-2400.jpg,apple,30.607,Malus sieversii,NA,6658,5272.5,6481.875,1085.542
852,2014,2014-2401.jpg,apple,25.502,Malus sieversii,NA,2202.667,5355.5,2020.083,1101.5
853,2014,2014-2402.jpg,apple,28.361,Malus sieversii,NA,4545.417,5195.5,4458.031,1196.5
854,2014,2014-2403.jpg,apple,29.431,Malus sieversii,NA,927.875,4592.5,1185.656,8759.438
855,2014,2014-2404.jpg,apple,28.461,Malus sieversii,NA,6170.167,4978.5,6117.667,8707.333
856,2014,2014-2405.jpg,apple,25.068,Malus sieversii,NA,3779.833,5193.5,4005.5,8722.5
857,2016,2016-2407.jpg,apple,18.24,Malus sieversii,NA,2510.583,1523.333,6142.5,1181.167
858,2016,2016-2408.jpg,apple,12.537,Malus sieversii,NA,2872.5,1080.667,92,1605.5
859,2016,2016-2409.jpg,apple,15.101,Malus sieversii,NA,3634.5,3159.167,331.333,2986.667
860,2016,2016-2410.jpg,apple,21.432,Malus sieversii,NA,4053.5,3039.833,7557.375,2939.625
861,2016,2016-2411.jpg,apple,16.506,Malus sieversii,NA,4398.5,4210.167,1011.5,4123.333
