,ID,genotype,area,width,length,solidity,PC1,PC2,PC3,PC4,PC5,PC6,PC7,PC8,continent,aspect,Crop_Trait,Coded.Value
1,1001,Malus domestica,15.02814286,3.518349318,8.694259067,0.795268143,0.104790244,-0.013372807,-0.027121619,0.002552375,-0.019417534,0.021727146,-0.003219709,0.006164313,Asia,0.404675003,NA,NA
2,1010,Malus domestica,15.55783333,3.478116379,8.734387236,0.83634931,0.084247274,0.018331479,-0.027329103,-0.011209483,-0.012584488,-0.001747989,0.023790059,0.006220901,Asia,0.398209546,NA,NA
3,1014,Malus domestica,35.39077778,5.521545505,12.16779185,0.84723043,0.043905403,-0.029736873,-0.056522091,0.010118129,-0.016900522,-0.006317196,-0.003092967,-0.013838063,Asia,0.453783692,NA,NA
4,1023,Malus domestica,19.15671429,3.692121431,10.68437739,0.804700691,0.135997407,-0.021427144,-0.011264898,-0.00232662,-0.018987527,0.004045017,-0.014459124,0.002520049,Asia,0.345562619,NA,NA
5,1029,Malus domestica,23.9316,4.376955876,10.96512753,0.815953628,0.101448754,-0.027381544,-0.036597526,0.00929511,-0.031066819,0.006793174,-0.004186601,-9.64E-05,Asia,0.39917054,NA,NA
6,1031,Malus domestica,22.210375,4.4367324,9.363507242,0.857551729,0.024411244,-0.017303171,-0.058378078,0.014959712,-0.020506889,-0.008699597,0.006792512,-0.006522076,Asia,0.473832324,NA,NA
7,1035,Malus domestica,15.2366,3.226865715,9.390489759,0.827191903,0.127193212,-0.040620787,-0.007125292,-0.017876476,-0.020494003,-0.003252635,-0.002528695,0.007888267,Asia,0.343631248,NA,NA
8,1037,Malus domestica,25.48125,4.076044845,11.70987202,0.861384734,0.099063389,-0.008604114,-0.004481501,-0.01923775,-0.006704626,-0.006007017,0.004290373,-0.006787111,Asia,0.348086199,NA,NA
9,1042,Malus domestica,13.8186,3.112530978,9.466607351,0.762783165,0.168549833,0.032118883,-0.003213393,-0.025520353,-0.023404286,0.017516521,0.003285379,0.027064372,Asia,0.328790544,NA,NA
10,1044,Malus domestica,18.6712,3.433976929,11.02417099,0.807631233,0.150248243,-0.037700644,0.013354772,-0.019785025,-0.01208372,-0.004316694,-0.00896435,0.00819869,Asia,0.311495253,NA,NA
11,1046,Malus domestica,14.231,3.437790121,8.054829597,0.834940226,0.075765416,-0.03920191,-0.046576274,0.011072882,-0.030352811,-0.001387746,0.001639432,0.001110188,Asia,0.426798616,NA,NA
12,1052,Malus domestica,27.3292,4.560928311,12.160618,0.80351492,0.114751535,-0.076565468,-0.013178898,-0.006421808,-0.009356448,-0.001516852,-0.02271684,0.007017534,Asia,0.37505728,NA,NA
13,1055,Malus domestica,19.63244444,3.773137765,9.677182074,0.849295159,0.077259911,0.008369755,-0.024092452,-0.016174883,-0.011530692,-0.007155026,-0.00410515,-0.000609,Asia,0.389900462,NA,NA
14,1064,Malus domestica,14.40588889,3.473266493,8.741049743,0.795054629,0.130452624,-0.001675201,-0.043763372,0.005754182,-0.049074439,0.020417795,-0.012584375,0.010207827,Asia,0.397351187,NA,NA
15,1067,Malus domestica,25.0416,4.429127578,10.95729322,0.850629525,0.076999819,-0.014362069,-0.035267388,0.001517068,-0.016060518,0.005787239,-0.002226912,-0.007717448,Asia,0.404217309,NA,NA
16,1069,Malus domestica,17.13685714,3.704718692,9.147519941,0.82864656,0.101179786,0.017448153,-0.046052024,0.00408234,-0.038499425,0.010522199,0.003163439,0.001710964,Asia,0.404997061,NA,NA
17,1071,Malus domestica,15.13457143,3.711766591,8.237213248,0.809881223,0.086525116,-0.021593208,-0.065008911,0.012840929,-0.052564297,0.001186302,-0.015658114,0.011067153,Asia,0.450609506,NA,NA
18,1076,Malus domestica,23.542625,4.018421727,11.21084907,0.850205035,0.095039301,-0.022899948,-0.000241,-0.024412266,0.009984667,-0.00648711,-0.008014264,-0.005146537,Asia,0.358440445,NA,NA
19,1079,Malus domestica,27.5753,4.272404237,11.72849681,0.874373655,0.078958433,-0.002803828,-0.008762373,-0.022921572,0.001012441,-0.010127486,-0.005508813,-0.00999112,Asia,0.364275517,NA,NA
20,1083,Malus domestica,15.27257143,3.398475852,9.00803565,0.810549347,0.121815582,-0.045709692,-0.025876847,-0.007149792,-0.033734332,-0.005255756,-0.009413852,0.010259577,Asia,0.377271581,NA,NA
21,1085,Malus domestica,21.3632,4.037417994,11.35494016,0.770809043,0.154623199,0.019713759,-0.022523385,-0.003405129,-0.040772275,0.01954818,-0.007495375,0.01635876,Asia,0.355564885,NA,NA
22,1089,Malus domestica,12.33425,3.225343963,7.882028248,0.802207511,0.108408844,0.010006222,-0.039907829,0.010576357,-0.040861532,0.009986314,-0.010322657,0.004423966,Asia,0.409202284,NA,NA
23,1091,Malus domestica,16.6385,3.701837767,9.049819623,0.819947445,0.093521419,-0.027830525,-0.038870079,0.015036778,-0.030358228,0.000744,-0.004050275,0.001676934,Asia,0.409051,NA,NA
24,1097,Malus domestica,17.9215,3.757034836,9.798950955,0.805941165,0.108627818,0.026102384,-0.027603095,0.002248562,-0.015010529,0.004071289,0.014394418,0.003644503,Asia,0.383411944,NA,NA
25,1100,Malus domestica,14.8391,3.068121932,9.480815242,0.826836946,0.147747075,0.023219229,-0.008893253,-0.019723131,-0.030793734,0.008945923,0.011014376,0.012068548,Asia,0.323613725,NA,NA
26,1104,Malus domestica,19.505375,4.015049794,9.429808244,0.843333833,0.060717031,-0.00807492,-0.043356543,0.006468932,-0.020382125,-0.007301087,0.00281335,-0.004105094,Asia,0.425782761,NA,NA
27,1106,Malus domestica,16.5775,3.317138035,10.61555456,0.794391439,0.157662705,-0.010221081,0.011805634,-0.023265605,-0.012364224,0.012569634,-0.008440461,0.012276122,Asia,0.312479015,NA,NA
28,1112,Malus domestica,28.24611111,5.181862838,9.864148652,0.860974905,-0.001261459,0.006568948,-0.089125373,0.024766419,-0.036691199,-0.00440054,0.007793608,-0.006756113,Asia,0.525322866,NA,NA
29,1116,Malus domestica,20.765,4.044021416,9.914539387,0.822730905,0.086175,-0.09465556,-0.024643589,-0.014059129,-0.013982656,-0.010877517,0.006938433,0.010303382,Asia,0.407887977,NA,NA
30,1118,Malus domestica,21.71575,3.826688708,11.09006295,0.822510463,0.123363479,0.003758403,-0.011408803,-0.008962763,-0.022477391,-0.004404257,-0.002420859,0.001580747,Asia,0.345055635,NA,NA
31,1122,Malus domestica,28.641,4.916928855,10.70891187,0.870942104,0.009948,-0.021037107,-0.046410618,-0.006962598,-0.001890208,-0.017999419,0.011590551,-0.007488835,Asia,0.459143647,NA,NA
32,1127,Malus domestica,25.715625,4.468821288,10.78407148,0.856221611,0.044217802,-0.020643382,-0.024061359,-0.007952287,0.006099962,-0.011535851,0.005638494,-0.011548076,Asia,0.414390919,NA,NA
33,1128,Malus domestica,32.13577778,5.064342994,12.42904763,0.835373333,0.076498513,-0.006605181,-0.035051975,0.004224951,-0.012915266,0.003494592,-0.007945983,-0.008646989,Asia,0.407460261,NA,NA
34,1130,Malus domestica,30.7967,4.813366538,11.66407073,0.872105622,0.051958151,0.004840759,-0.032369485,-0.011877302,-0.002716344,0.001316935,0.01061501,-0.00501924,Asia,0.412666097,NA,NA
35,1133,Malus domestica,22.46433333,3.829013819,11.84720544,0.813636963,0.141375906,-0.001285179,0.006561918,-0.020293866,-0.008135079,0.017117981,0.008307952,0.007378502,Asia,0.323199749,NA,NA
36,1137,Malus domestica,27.80444444,5.036079881,10.49588051,0.845022159,0.02825461,-0.004687855,-0.067316735,0.015915853,-0.017494599,-0.007065174,0.002848543,-0.006027895,Asia,0.479814902,NA,NA
37,1143,Malus domestica,20.422125,4.186935073,9.470652693,0.842008247,0.044505879,-0.008031323,-0.040280433,0.011080986,-0.010946638,-0.014916673,0.00216584,-0.004150943,Asia,0.442095725,NA,NA
38,1146,Malus domestica,17.78722222,4.13385896,8.157871314,0.841647288,0.021021733,0.024803882,-0.075804756,0.013948641,-0.022363234,-0.007055853,0.006405729,0.006848266,Asia,0.506732553,NA,NA
39,1148,Malus domestica,18.11825,3.638729483,10.11759951,0.819949442,0.123290466,0.019015013,-0.020163892,-0.001357098,-0.0244703,0.004932556,-0.000362,0.003860202,Asia,0.359643558,NA,NA
40,1152,Malus domestica,7.7492,2.485234826,6.299766111,0.81263345,0.115704464,-0.045784624,-0.036794744,-0.002091863,-0.035000819,0.00694689,-0.025214188,0.006331538,Asia,0.394496364,NA,NA
41,1155,Malus domestica,27.929625,4.786934623,11.25427923,0.848052577,0.051164553,-0.003360482,-0.03713041,0.001666876,-0.003806028,-0.007956782,0.002798318,-0.008185128,Asia,0.425343509,NA,NA
42,1156,Malus domestica,36.3759,5.761186607,11.7865929,0.8615542,0.001888103,-0.033207442,-0.063437627,0.015602449,-0.009072935,-0.016709459,0.009178479,-0.012390263,Asia,0.488791516,NA,NA
43,1157,Malus domestica,17.937875,3.386027751,10.24649873,0.845340879,0.119824939,0.004768734,0.006550728,-0.019797892,-0.002877472,0.00109752,0.005861172,0.001486649,Asia,0.330457051,NA,NA
44,1161,Malus domestica,17.4266,3.668319124,9.164333921,0.841670516,0.077066246,0.0093091,-0.024787367,-0.001029135,-0.016313468,-0.008953903,0.011489163,-0.002919236,Asia,0.400282132,NA,NA
45,1163,Malus domestica,15.66057143,3.688523803,8.290847607,0.840172661,0.054066573,-0.037061886,-0.042104751,0.008617904,-0.011358439,-0.005784969,-0.009880923,-0.007227513,Asia,0.444891039,NA,NA
46,1166,Malus domestica,30.81016667,4.838002107,12.21055183,0.838666587,0.084583265,-0.07180486,-0.026146995,-0.009437057,-0.017454208,-0.010732571,0.012357485,0.003947673,Asia,0.396214862,NA,NA
47,1171,Malus domestica,15.83,3.209224645,10.26872946,0.804909512,0.165236084,-0.003455791,0.001797702,-0.020063232,-0.026336498,0.011475619,-0.000849,0.016788208,Asia,0.312524023,NA,NA
48,1172,Malus domestica,18.12755556,3.769139925,8.810794667,0.862273867,0.051268452,-0.001097941,-0.049108573,-0.000175,-0.024161855,-0.019255338,0.011926166,-0.006931014,Asia,0.427786604,NA,NA
49,1178,Malus domestica,17.319625,3.423265375,9.875104948,0.824085275,0.121384723,-0.059649097,-0.008868307,-0.018192474,-0.020351939,-0.007437347,0.001756849,0.002933554,Asia,0.346656101,NA,NA
50,1181,Malus domestica,22.46733333,4.046596964,10.54347132,0.84168363,0.095839899,-0.031379721,-0.025420749,-0.007407111,-0.019529109,-0.010637625,-0.007919046,0.000248,Asia,0.383801202,NA,NA
51,1184,Malus domestica,14.73925,3.131422168,9.212500595,0.845171118,0.118098311,-0.022201057,0.003227459,-0.019022657,0.00052,-2.00E-04,-0.007992967,0.00254103,Asia,0.339910118,NA,NA
52,1185,Malus domestica,20.13933333,3.567308222,10.90624237,0.848728567,0.125187821,-0.02242507,0.005994487,-0.026735367,-0.003576989,-0.000467,-0.001201049,0.007272701,Asia,0.327088662,NA,NA
53,1187,Malus domestica,13.77466667,3.689554175,7.178211903,0.81197894,0.050591069,0.011084478,-0.094129456,0.03834798,-0.076020178,0.005746164,0.007432564,0.011854036,Asia,0.513993488,NA,NA
54,1190,Malus domestica,16.77844444,3.772794137,8.43784475,0.852885,0.04706632,0.004065751,-0.054718558,0.010957383,-0.027993761,-0.00997042,0.008741644,-0.009182387,Asia,0.447127702,NA,NA
55,1193,Malus domestica,24.2623,4.756326129,9.471160462,0.870818622,0.006491469,0.006959615,-0.069963217,0.017828673,-0.020672877,-0.002636365,0.001763967,-0.003695252,Asia,0.502190428,NA,NA
56,1196,Malus domestica,19.86466667,3.546160983,11.27027996,0.810768133,0.142398507,0.048424229,0.007480489,-0.022980556,-0.011070975,0.006174452,0.005930724,0.010675357,Asia,0.314647107,NA,NA
57,1202,Malus domestica,17.0983,3.37333511,10.09719989,0.827563941,0.134880232,-0.014369987,-0.00459577,-0.018228698,-0.018073546,0.009555466,-0.001627661,0.001661196,Asia,0.334086197,NA,NA
58,1203,Malus domestica,14.0988,3.133570143,8.711288974,0.837074902,0.115965337,-0.00759011,-0.020959834,-0.013300237,-0.026166788,-0.00756562,-0.009371107,0.004488959,Asia,0.359713718,NA,NA
59,1205,Malus domestica,16.53385714,3.585471111,8.908959468,0.846038999,0.073222892,0.018967836,-0.030015233,0.003853119,-0.012117585,-0.00127206,0.016355467,-0.006468707,Asia,0.402456777,NA,NA
60,1208,Malus domestica,26.2916,4.552405211,11.05904885,0.842015346,0.060156951,-0.034734978,-0.024744455,-0.00400402,-0.002548084,-0.017424841,0.012493544,-0.006004863,Asia,0.411645276,NA,NA
61,1211,Malus domestica,18.211,3.65651298,9.814053481,0.835776766,0.108641188,0.031164908,-0.028355125,-0.006380161,-0.026578094,-0.003921299,0.003631226,0.000631,Asia,0.37257928,NA,NA
62,1214,Malus domestica,22.99485714,3.955702443,11.32421286,0.829452314,0.120763115,0.001308727,-0.017432355,-0.0067938,-0.02581498,-0.007667593,-6.78E-05,-0.000997,Asia,0.349313678,NA,NA
63,1215,Malus domestica,24.23877778,4.394957467,10.23713934,0.856508484,0.050916899,-0.055006561,-0.039572097,-0.008078321,-0.019770144,-0.030162769,0.014284833,0.003192888,Asia,0.429314999,NA,NA
64,1218,Malus domestica,23.27544444,3.968238635,11.08810555,0.847111702,0.108179025,-0.011114932,-0.016062602,-0.016698687,-0.013928077,-0.005928913,0.004916939,0.004691809,Asia,0.357882473,NA,NA
65,1220,Malus domestica,26.9514,4.716322135,10.94141579,0.847504175,0.036581286,-0.001587145,-0.036463772,0.010115857,0.001893999,-0.001443542,0.00486588,-0.012659841,Asia,0.431052272,NA,NA
66,1229,Malus domestica,22.5809,4.093713562,10.94514095,0.833244989,0.098126331,-0.028264889,-0.016554089,-0.004068378,-0.012147907,-0.003548912,0.00198909,-0.002881611,Asia,0.374021091,NA,NA
67,1232,Malus domestica,20.078,4.08747616,9.102093101,0.853113513,0.037287017,-0.022811435,-0.048887545,0.005992979,-0.020730829,-0.008910113,0.004200134,-0.005144675,Asia,0.449069913,NA,NA
68,1234,Malus domestica,24.66855556,4.335798456,10.8210413,0.851628207,0.072302206,0.029646527,-0.031532921,-0.003126542,-0.010896246,-0.005915158,-0.001290552,-0.006347739,Asia,0.400682184,NA,NA
69,1235,Malus domestica,27.647,4.772455702,11.30067949,0.841631308,0.072209027,0.011912388,-0.047120766,0.007232235,-0.018563239,0.002584529,-0.000429,-0.006504698,Asia,0.422315818,NA,NA
70,1239,Malus domestica,37.78277778,6.324894837,10.17684526,0.905975452,-0.130817287,-0.001097668,-0.0734603,-0.005715243,0.006802202,-0.01490054,0.003560628,0.017473471,Asia,0.621498576,NA,NA
71,1241,Malus domestica,23.43833333,4.421783256,10.04819445,0.849965886,0.059158055,0.001015385,-0.054253416,0.008446511,-0.033594747,-0.006284998,0.000472,-0.0037636,Asia,0.440057493,NA,NA
72,1244,Malus domestica,28.779375,5.111340911,10.80794634,0.848989594,0.031887897,-0.056348167,-0.05959743,0.015828086,-0.019497495,-0.022582401,-0.005354411,-0.005751496,Asia,0.472924342,NA,NA
73,1248,Malus domestica,22.18311111,4.0360394,10.48671672,0.830114214,0.095149118,-0.04956113,-0.026933331,0.000927,-0.025845341,0.005790979,-0.008387768,-0.003491381,Asia,0.384871596,NA,NA
74,1250,Malus domestica,26.66,4.817059469,10.24542346,0.86384614,0.019091899,-0.040933505,-0.053109898,0.000263,-0.00542987,-0.024698307,0.019932408,0.000541,Asia,0.470166947,NA,NA
75,1253,Malus domestica,23.06088889,4.167991174,10.95436635,0.83322414,0.102180946,-0.035369103,-0.024632479,-0.003705066,-0.015459589,0.002191648,-0.007150854,-0.002453246,Asia,0.380486743,NA,NA
76,1256,Malus domestica,23.8802,4.482167667,10.40294074,0.809012476,0.081834356,0.151370829,-0.055612087,-0.008180244,-0.037513297,-0.01091876,0.007963086,0.020409932,Asia,0.43085583,NA,NA
77,1258,Malus domestica,12.64957143,3.349818948,7.677315438,0.817379483,0.071341646,-0.037654449,-0.042582172,0.011031423,-0.012728117,0.000665,-0.015418835,0.004160249,Asia,0.436326861,NA,NA
78,1260,Malus domestica,20.128,3.896231484,10.7211683,0.799692021,0.138670675,-0.023140299,-0.023443174,-0.004410278,-0.036255513,0.010138175,0.000829,0.011596492,Asia,0.363414823,NA,NA
79,1265,Malus domestica,25.891,4.776372371,10.93944258,0.802099736,0.095800006,-0.016433476,-0.062016936,0.02022044,-0.058857619,0.002346228,-0.010347121,0.005813267,Asia,0.436619356,NA,NA
80,1271,Malus domestica,21.97544444,3.58577465,11.93011998,0.84319689,0.149448337,-0.010270006,0.010807827,-0.02495634,-0.015667285,0.004798092,-0.007115008,0.005100599,Asia,0.300564844,NA,NA
81,1280,Malus domestica,40.3902,6.084334514,11.92449468,0.880963377,-0.036409641,-0.022751838,-0.05756633,0.000899,0.006870795,-0.015681591,0.00063,-0.0078876,Asia,0.510238352,NA,NA
82,1281,Malus domestica,28.28722222,5.06233513,10.18982112,0.860715078,0.006752386,-0.067420071,-0.062046299,0.004383667,-0.014298498,-0.025513101,-0.00545966,-0.000516,Asia,0.49680314,NA,NA
83,1286,Malus domestica,21.279375,4.143933737,9.057374678,0.864258258,0.0286292,-0.031239293,-0.05125605,-0.017945924,-0.027451011,-0.023071055,-0.00941136,0.020833991,Asia,0.457520406,NA,NA
84,1290,Malus domestica,27.53666667,4.864459594,11.67674231,0.805306817,0.102724153,-0.013384714,-0.047888315,0.007809854,-0.036490539,0.012064227,-0.015086451,0.003932999,Asia,0.416593898,NA,NA
85,1296,Malus domestica,14.816125,3.478409098,8.948555228,0.792156741,0.107901725,-0.003769887,-0.02049145,-0.002520776,-0.012487716,0.003306059,0.00046,0.00662864,Asia,0.38871181,NA,NA
86,1298,Malus domestica,11.13785714,2.739334315,7.764290093,0.842275526,0.118141708,-0.002591464,-0.01407244,-0.013786545,-0.017520674,-0.002319877,0.007744991,0.002639712,Asia,0.352811948,NA,NA
87,1302,Malus domestica,16.97725,3.929915134,8.265884293,0.842677013,0.036389261,0.000848,-0.066544344,0.025243397,-0.029569159,0.01417175,-0.002782329,-0.005971703,Asia,0.475437956,NA,NA
88,1307,Malus sieversii,16.55014286,3.548890879,8.555209945,0.885252393,0.038356544,-0.014915133,-0.024142964,-0.015734218,0.003403138,-0.002587991,-0.00972021,-0.009122398,Asia,0.414822185,NA,NA
89,1312,Malus sieversii,17.2832,3.274052095,10.06115334,0.865439617,0.118468818,-0.007662303,0.00793918,-0.031906786,-0.001376444,0.001013319,-0.001685227,-0.000124,Asia,0.325415187,NA,NA
90,1316,Malus sieversii,12.3052,3.204605512,6.97925527,0.894312181,-0.008462089,0.019781658,-0.0239973,-0.02158061,0.016858364,-0.003412361,-0.002964681,0.000331,Asia,0.459161528,NA,NA
91,1319,Malus sieversii,20.03125,3.544731353,11.24324128,0.82798395,0.136110357,-0.003823341,0.009756805,-0.023619479,-0.000107,0.001663928,-0.003238069,0.002813247,Asia,0.315276642,NA,NA
92,1322,Malus sieversii,20.946875,3.511001211,11.40342023,0.859630926,0.12254519,-0.034013036,0.025175688,-0.035411504,0.008633081,-0.006118574,0.000633,0.002075112,Asia,0.307890189,NA,NA
93,1326,Malus sieversii,16.9605,3.610735237,9.058204747,0.843456163,0.087794384,0.00164282,-0.038031227,0.001825271,-0.02473122,0.001713218,0.013519561,-0.002884269,Asia,0.398614884,NA,NA
94,1328,Malus sieversii,20.82955556,4.057542169,9.479451289,0.868972096,0.035835404,-0.039390175,-0.026547254,-0.019795519,-0.002121486,0.00023,-0.006799835,0.006407767,Asia,0.428035552,NA,NA
95,1330,Malus sieversii,16.0249,3.414719184,8.379699257,0.867466076,0.041333722,-0.008088709,-0.01991862,-0.034848355,-0.01046344,0.005722247,-0.012015708,0.014163514,Asia,0.407499014,NA,NA
96,1331,Malus sieversii,11.2417,2.934221566,6.929069636,0.880234332,0.044874878,0.004897898,-0.039235529,-0.00798061,-0.010095809,-0.004324219,0.005055015,-0.004900442,Asia,0.423465446,NA,NA
97,2002,Malus sieversii,14.843,2.860169149,10.15770303,0.841123445,0.152948214,0.016447339,0.028147937,-0.043668374,-0.001150157,0.000827,-0.007825835,0.010061532,Asia,0.28157637,NA,NA
98,2006,Malus sieversii,29.912,4.691708496,12.01322878,0.854653384,0.08464547,-0.005699836,-0.027180872,-0.016265876,-0.0188482,-0.004278711,0.003422076,0.002966864,Asia,0.390545172,NA,NA
99,2009,Malus sieversii,22.71666667,4.305518733,10.25921412,0.849676771,0.073307772,0.005239679,-0.040378864,-0.005267717,-0.024624956,0.012803839,-0.007750686,0.000955,Asia,0.419673348,NA,NA
100,2012,Malus sieversii,27.6741,4.966249649,10.05080476,0.883836176,-0.01625499,-0.017303774,-0.055335527,0.001270413,0.00184615,-0.008931475,-0.005681525,-0.009183739,Asia,0.494114627,NA,NA
101,2014,Malus sieversii,27.0682,4.7296702,9.985890044,0.891411081,-0.025590532,-0.029441194,-0.041680595,-0.018177768,0.006276242,-0.015814559,0.011989948,-0.004034383,Asia,0.473635317,NA,NA
102,2016,Malus sieversii,16.7632,3.750424714,8.55170022,0.827127108,0.087352365,0.028812123,-0.065943497,0.009747188,-0.056432785,-0.00351816,-0.007117886,0.010011457,Asia,0.438558955,NA,NA
103,PI_215542,Malus x robusta,15.31779868,3.177075121,9.727642253,0.801364331,0.128491236,0.02899811,0.014444942,-0.009126829,-0.004504417,0.014652946,0.013197832,0.003775275,Asia,0.326602792,Ploidy Level,Diploid
104,PI_307500,Malus prunifolia,30.42644503,5.088803626,11.20224568,0.871030011,0.009494838,0.021943603,-0.038150343,0.000131,0.004761413,-0.012478217,0.006509369,-0.010955979,Asia,0.454266383,Ploidy Level,Diploid
105,PI_322713,Malus baccata,21.94527772,4.185623768,9.984222709,0.872993804,0.02109115,-0.005579633,0.005549005,-0.03407086,0.037620977,-0.021079396,0.009045808,0.001350714,Asia,0.419223798,Ploidy Level,Diploid
106,PI_337434,Malus prunifolia,45.07058145,6.273414163,13.63173283,0.855548954,0.002394932,-0.000969,-0.029143209,0.001133028,0.02017159,-0.01285982,0.001292174,-0.011358449,Asia,0.460206655,Ploidy Level,Diploid
107,PI_344089,Malus floribunda,29.54850541,4.581545428,12.7737038,0.849697618,0.086609336,0.001116782,0.001040693,-0.006514561,0.016410272,0.012243057,0.005350421,-0.008312201,Asia,0.358670085,Ploidy Level,Diploid
108,PI_392301,Malus baccata,33.30037302,4.899064299,13.63828538,0.824863778,0.106083627,0.015477529,-0.002536273,-0.01636802,-0.001454799,-0.00436944,0.008908265,0.00710668,Asia,0.359214092,Ploidy Level,Diploid
109,PI_483259,Malus baccata,48.81259269,5.900599,16.02395359,0.757307195,0.074468372,0.176779289,0.025893945,-0.057835739,0.039223272,-0.019759436,0.019971462,0.026309081,Asia,0.368236151,Ploidy Level,Diploid
110,PI_483260,Malus prunifolia,41.90863221,5.908829441,12.71862272,0.883283687,-0.020744359,8.00E-05,-0.024476275,-0.022667504,0.029203686,-0.018950052,0.004493863,-0.006314028,Asia,0.46458092,Ploidy Level,Diploid
111,PI_483266,Malus floribunda,28.17722218,4.569726707,12.12721296,0.861766956,0.064178457,0.020398549,0.003114414,-0.006203849,0.026637863,0.007924532,0.006062313,-0.009929891,Asia,0.376815903,Ploidy Level,Diploid
112,PI_588761,Malus sargentii,34.94532623,7.205791054,9.459846914,0.862949981,-0.230078838,-0.017172574,0.047877956,-0.004573474,-0.014282536,0.005326398,-0.003238382,0.045773245,Asia,0.761723854,Ploidy Level,Tetraploid
113,PI_588765,Malus baccata,38.48899214,4.815362164,14.3444214,0.880751151,0.096122268,-0.011211812,0.008485282,-0.041215539,0.00577277,-0.000278,0.009327784,0.005375029,Asia,0.33569581,Ploidy Level,Diploid
114,PI_588770,Malus sargentii,17.20289249,3.793594654,8.413953489,0.869691536,0.015556739,-0.028577582,-0.024903582,-0.000381,0.020715399,-0.002653291,0.010572267,-0.009215065,Asia,0.450869459,NA,NA
115,PI_588782,Malus sargentii,13.5623168,3.467621967,7.444261774,0.854006091,0.003658468,0.028662299,-0.028016373,0.001388276,0.014674381,-0.001016805,0.003965496,-0.003288396,Asia,0.465811396,Ploidy Level,Triploid
116,PI_588825,Malus x robusta,39.90141509,6.006826041,11.22841799,0.848051129,-0.016677779,-0.041293536,-0.040823938,-0.035375177,0.01400453,-0.029880797,0.014850322,0.035791697,Asia,0.534966372,Ploidy Level,Diploid
117,PI_588889,Malus prunifolia,33.82375306,5.500063623,11.04692903,0.871453004,-0.022544084,-0.026046216,-0.046605034,0.00280157,0.000111,-0.014104537,0.016606514,-0.008217988,Asia,0.497881684,NA,NA
118,PI_588906,Malus toringoides,33.27974443,5.021807481,14.36141047,0.784874579,0.097169395,-0.024302934,0.046477343,-0.007817809,-0.000589,-0.00477014,-0.013352959,-0.020816516,Asia,0.349673696,Ploidy Level,Tetraploid
119,PI_588907,Malus baccata,36.9806957,4.960369037,14.05890448,0.839406156,0.100954289,-0.05146447,-0.000126,-0.025071958,0.002298292,-0.006884887,0.005107171,0.000721,Asia,0.352827565,Ploidy Level,Diploid
120,PI_588914,Malus prunifolia,51.37814216,6.241895923,15.00491282,0.8660695,0.012558815,-0.013594494,0.003002761,-0.01215457,0.019948544,0.010685651,-0.001683218,-0.012438654,Asia,0.415990149,Ploidy Level,Diploid
121,PI_588930,Malus toringoides,35.51066594,6.052425957,12.0334997,0.810575278,-0.000159,0.065871548,-0.029768279,0.034807118,0.004812021,-0.004943844,-4.83E-05,-0.002947353,Asia,0.502964732,Ploidy Level,Tetraploid
122,PI_588936,Malus x robusta,33.01391411,4.949367928,13.42898534,0.830740507,0.080798432,-0.011098316,0.009712202,-0.01517851,0.017922065,9.69E-05,-0.000256,-0.005262014,Asia,0.368558592,Ploidy Level,Diploid
123,PI_588944,Malus kansuensis,20.58537148,4.793780056,9.148091873,0.803984587,-0.027636092,0.005260557,-0.007762626,0.055099114,0.02160907,0.019401348,0.003844191,-0.001817811,Asia,0.524019667,Ploidy Level,Diploid
124,PI_588987,Malus baccata,30.41621631,4.716750699,12.91529517,0.812922603,0.115312729,0.031035792,-0.015551321,-0.006354241,-0.015796143,0.009889104,0.007711936,0.006231069,Asia,0.365206574,Ploidy Level,Diploid
125,PI_588989,Malus baccata,32.50259086,4.439125123,14.64043126,0.816714172,0.149116743,-0.03689389,0.022931787,-0.022902758,0.004423936,0.008279073,-0.007280898,0.003914555,Asia,0.303209997,Ploidy Level,Diploid
126,PI_588993,Malus x robusta,39.98145501,5.437079475,14.59530069,0.849622177,0.094197188,-0.01112565,-0.006448798,-0.015098638,0.012860212,-0.006072543,0.006085293,-0.00372849,Asia,0.372522608,Ploidy Level,Diploid
127,PI_588994,Malus prunifolia,27.75905235,4.935138901,10.44628442,0.837253108,0.014950122,-0.077270796,-0.026886981,-0.015244368,0.009941123,-0.011956276,-0.00412832,0.016820322,Asia,0.472430072,Ploidy Level,Triploid
128,PI_588996,Malus baccata,43.26784387,5.647676082,13.0693199,0.910416974,-0.023906245,0.004944281,0.014880615,-0.033116886,0.040068825,0.030230681,-0.014790399,-0.003921138,Asia,0.432132362,Ploidy Level,Diploid
129,PI_589003,Malus x robusta,29.22056093,4.864337004,11.28807528,0.868508493,0.033029925,-0.007098812,-0.0212847,-0.013222722,0.024161415,-0.002519799,0.00346113,-0.008802674,Asia,0.430927052,Ploidy Level,Diploid
130,PI_589019,Malus baccata,31.95188731,4.644928188,12.86885951,0.850585601,0.069261179,0.024142464,0.022238271,-0.046513879,0.024956678,-0.020615443,0.0079805,0.008705349,Asia,0.360943267,Ploidy Level,Diploid
131,PI_589089,Malus sikkimensis,41.71546337,5.804504703,12.67304713,0.895953704,-0.037901306,-0.022658192,0.012808538,-0.037811252,0.057069377,0.01056769,-0.002190818,0.002280485,Asia,0.458019657,Ploidy Level,Tetraploid
132,PI_589164,Malus prunifolia,28.43013687,4.808148007,11.21073447,0.864632864,0.026213307,-0.00749184,-0.021549696,0.001133772,0.008358937,-0.010477786,0.011815774,-0.015829161,Asia,0.428887868,Ploidy Level,Diploid
133,PI_589184,Malus prunifolia,50.33113536,6.033201268,15.31996646,0.868677916,0.058458416,-0.021102499,-0.013909801,-0.013210229,0.001115348,-0.018483984,-0.000843,-0.004790418,Asia,0.393812955,Ploidy Level,Diploid
134,PI_589278,Malus x robusta,24.84244943,4.100771177,11.71695029,0.825717546,0.121394348,-0.047311149,-0.008421541,-0.014116116,-0.013370725,-0.006427764,-0.020484719,0.003255193,Asia,0.349986223,Ploidy Level,Diploid
135,PI_589281,Malus baccata,15.16540686,3.190014038,9.442806169,0.819679151,0.118580207,0.005557193,0.013396267,-0.031561248,0.010962075,-0.016906983,-0.014591372,0.008534955,Asia,0.337824793,Ploidy Level,Diploid
136,PI_589333,Malus prunifolia,35.38823087,5.389978184,11.64154973,0.873701848,0.018724448,-0.054362373,-0.033250707,-0.005407926,-0.00341777,-0.005704864,0.008633608,-0.00093,Asia,0.462994903,Ploidy Level,Diploid
137,PI_589353,Malus baccata,47.37523868,5.643698064,17.07401307,0.839848019,0.084594037,-0.015021765,0.054074088,-0.043450064,0.047726597,-0.008046039,-1.65E-05,-0.003245161,Asia,0.33054315,Ploidy Level,Diploid
138,PI_589370,Malus prunifolia,34.51865386,5.099331242,12.5367167,0.850653337,0.072417537,-0.015610238,-0.030527248,0.002466863,-0.012654335,0.008410279,0.017632299,-0.004371579,Asia,0.406751733,Ploidy Level,Diploid
139,PI_589371,Malus baccata,39.79966372,5.841653302,13.05792583,0.825839699,0.050473201,-0.013529256,-0.043141385,0.001026302,-0.01442254,0.000558,0.016798597,0.007742039,Asia,0.447364564,NA,NA
140,PI_589374,Malus baccata,20.08608613,4.284458588,9.472383848,0.808766753,0.066864573,-0.040308308,-0.056880308,0.019370392,-0.028405125,0.010155249,-0.009559905,-0.000102,Asia,0.452310491,NA,NA
141,PI_589376,Malus baccata,37.84531379,5.0404509,14.08562295,0.872245889,0.077132713,-0.022071478,0.006354248,-0.028730532,0.019253914,-0.025478456,0.010158462,-0.010390291,Asia,0.357843662,Ploidy Level,Diploid
142,PI_589378,Malus baccata,30.28959933,4.762358823,12.11055714,0.863678615,0.038357722,0.022047247,0.017292778,-0.046499858,0.04248007,-0.014001629,0.010128062,0.003284448,Asia,0.393240275,Ploidy Level,Diploid
143,PI_589383,Malus x robusta,14.00160007,2.942496561,9.533512609,0.838655951,0.107854212,0.023672613,0.058470785,-0.041434215,0.039818076,-0.001751265,-0.001612577,-0.000236,Asia,0.308647681,Ploidy Level,Diploid
144,PI_589389,Malus prunifolia,48.00001836,5.731081733,14.26864376,0.920030594,0.004712409,-0.016437705,0.002160372,-0.032807166,0.016551634,0.013265009,-0.002286096,-0.001993321,Asia,0.401655674,Ploidy Level,Diploid
145,PI_589390,Malus sikkimensis,26.85901957,4.562509778,10.67258789,0.879912175,0.018303032,-0.004936454,-0.005153424,-0.031863108,0.031628198,-0.005596521,0.023111717,0.002521921,Asia,0.427497981,Ploidy Level,Triploid
146,PI_589394,Malus sargentii,19.79343629,5.323846981,7.91497855,0.812802145,-0.18387395,0.012024827,0.097426447,-0.0075175,-0.0166211,0.012719601,-0.007457676,0.012153756,Asia,0.672629363,Ploidy Level,Tetraploid
147,PI_589400,Malus sargentii,14.02579061,3.720436158,7.237476706,0.847378221,-0.040478881,0.024030987,-0.012651369,0.016420094,0.03656626,0.014918361,0.023753637,-0.00583253,Asia,0.514051555,Ploidy Level,Triploid
148,PI_589401,Malus kansuensis,7.484153877,2.740424725,4.85118279,0.865409818,-0.113739191,-0.006531808,-0.037587906,-0.001894809,0.030692454,0.016711669,0.000469,0.011961896,Asia,0.564898262,Ploidy Level,Diploid
149,PI_589416,Malus sargentii,27.33792951,4.578106374,10.35879799,0.905005137,-0.014979727,0.020572372,-0.003791108,-0.025903536,0.028726479,0.013965049,0.009149057,-0.008739477,Asia,0.441953437,Ploidy Level,Pentaploid
150,PI_589424,Malus x robusta,19.00883145,3.292059824,12.11660776,0.810376015,0.156535286,-0.000665,0.049911677,-0.033638778,0.017505004,0.019503068,0.014632781,0.005757778,Asia,0.271698143,Ploidy Level,Diploid
151,PI_589599,Malus sikkimensis,44.76201113,5.770979539,14.12367411,0.888170034,0.004564452,0.068118489,0.013102087,-0.046316352,0.048017851,-0.014797536,-0.016081852,-0.005737367,Asia,0.408603278,Ploidy Level,Tetraploid
152,PI_589750,Malus sikkimensis,29.40880628,4.832104601,11.47705882,0.881302549,0.007038379,-0.002889777,0.020613341,-0.037149542,0.056734319,-0.019451067,0.000349,-0.000293,Asia,0.421022901,Ploidy Level,Triploid
153,PI_589751,Malus hupehensis,26.2171134,4.150260924,12.18988673,0.846667805,0.135813437,-0.031434146,-0.012594642,-0.03009916,-0.022216534,-0.004121438,-0.020258359,0.01826366,Asia,0.340467554,NA,NA
154,PI_589766,Malus angustifolia,26.29946887,4.753640676,11.32010066,0.819766527,0.069434861,0.022629537,-0.037662307,0.021743571,-0.006035011,0.003521484,0.017744228,-0.012556245,North America,0.419929188,Ploidy Level,Tetraploid
155,PI_589816,Malus prunifolia,24.96810125,4.222038097,11.67788692,0.835578396,0.094543398,-0.016296201,0.003454841,-0.000397,0.011635727,0.023012275,0.004747774,-0.008370613,Asia,0.361541272,Ploidy Level,Diploid
156,PI_589827,Malus floribunda,19.08299736,3.999262261,9.029081241,0.880135189,-0.014458129,-0.000626,0.006549375,-0.007055348,0.048844862,0.027535818,0.009572932,-0.012184468,Asia,0.442931252,Ploidy Level,Diploid
157,PI_589831,Malus baccata,26.92815365,4.420152605,11.87025027,0.842710415,0.073169073,-0.011867792,0.007498498,-0.016635779,0.017215691,-0.006717115,-0.004127802,-0.008265165,Asia,0.372372318,Ploidy Level,Diploid
158,PI_589832,Malus prunifolia,13.17288237,3.38604779,7.326732855,0.853122196,0.016877389,-0.003163217,-0.041180366,0.012272121,0.000424,0.014267806,0.003973673,-0.014107876,Asia,0.462149754,Ploidy Level,Diploid
159,PI_589930,Malus prunifolia,33.03470693,5.10859598,11.82153605,0.88723232,0.013559282,0.014578303,-0.023457621,-0.016014852,0.014843441,-0.016808491,0.004593553,-0.010350339,Asia,0.432143163,Ploidy Level,Diploid
160,PI_589958,Malus toringo,28.0689887,6.063776275,9.785929035,0.818650031,-0.117009073,-0.00898397,0.01488479,0.027442913,-0.006390634,-0.012022992,0.016329353,-0.001533558,Asia,0.619642372,Ploidy Level,Diploid
161,PI_589972,Malus halliana,26.54714195,4.554185967,11.53651257,0.823741484,0.090042282,-0.013707955,-0.017816116,-0.020473025,0.000781,-0.01539085,0.000169,0.009061407,Asia,0.394762797,Ploidy Level,Triploid
162,PI_590029,Malus halliana,34.18798437,5.24806548,12.3102386,0.84396968,0.063718916,0.028029953,-0.038231093,-0.002110677,-0.015030467,-0.006981434,0.001826652,-0.006614966,Asia,0.426317121,Ploidy Level,Diploid
163,PI_590030,Malus halliana,29.46297302,5.016632038,10.97419516,0.865952172,0.0142859,0.033864681,-0.042270146,-0.008960383,0.009908991,-0.015499187,-0.00751252,-0.008158505,Asia,0.457129836,Ploidy Level,Diploid
164,PI_590033,Malus floribunda,24.51252873,4.350416352,11.14177678,0.863535104,0.048219271,-0.000982,0.019458033,-0.016065838,0.031052118,0.020381292,0.012400711,-0.012906905,Asia,0.390459838,Ploidy Level,Diploid
165,PI_590035,Malus floribunda,26.26767993,4.590484204,11.06406375,0.848544893,0.045281912,-0.011281773,-0.007915565,-0.001956017,0.026525226,0.010119797,0.011550147,-0.01044721,Asia,0.414900375,Ploidy Level,Diploid
166,PI_590040,Malus hupehensis,23.04046411,4.466993022,9.494694583,0.882347491,-0.014404749,0.014576509,-0.021632873,-0.024168423,0.028892709,-0.015506584,0.012906525,0.000573,Asia,0.470472534,Ploidy Level,Triploid
167,PI_590051,Malus toringo,31.31365511,6.086840576,11.42771742,0.799450283,-0.039144484,-0.000976,0.021614843,0.051352061,0.04744102,0.006783705,-0.002148943,0.02011589,Asia,0.532638352,Ploidy Level,Diploid
168,PI_590053,Malus baccata,38.34304358,5.136110384,14.26756754,0.8505787,0.082766128,0.006510955,0.004960059,-0.022574374,0.014358104,-0.004385058,0.02093467,-0.005278219,Asia,0.359985006,Ploidy Level,Diploid
169,PI_590054,Malus baccata,29.34834222,4.64415048,11.52790343,0.860580519,0.05028842,0.073838733,-0.024424715,-0.013085917,0.004454701,0.008397635,0.024932213,-0.003507265,Asia,0.402861675,Ploidy Level,Diploid
170,PI_590062,Malus toringoides,21.16616235,5.153931574,11.67065938,0.663237913,0.04036665,0.020002542,0.095583492,0.03444862,-0.021972359,9.01E-05,-0.002479557,-0.027668024,Asia,0.441614429,Ploidy Level,Triploid
171,PI_590089,Malus floribunda,35.39821232,5.718047314,12.7217556,0.857806203,-0.006849482,-0.014721259,0.027731518,0.00094,0.052918476,0.014928463,-0.006147111,-0.010580729,Asia,0.449469986,Ploidy Level,Diploid
172,PI_590090,Malus halliana,25.6743143,4.745867926,9.372960763,0.870710737,-0.016591824,-0.082832364,-0.047884707,-0.020774341,-0.004592104,-0.024981023,0.008222187,0.015142924,Asia,0.50633605,Ploidy Level,Diploid
173,PI_590092,Malus halliana,31.97428868,4.618728253,13.78479875,0.830154007,0.109468038,0.02736911,0.015265272,-0.025705456,0.017735186,-0.009098966,-0.004104254,-0.004586322,Asia,0.335059535,NA,NA
174,PI_590102,Malus toringo,16.81659478,4.80960234,7.707157705,0.769589422,-0.158523483,-0.006186104,0.128566684,-0.007167477,0.000508,0.026486582,0.000174,0.028416455,Asia,0.624043587,NA,NA
175,PI_590105,Malus sikkimensis,47.3436931,6.135508735,14.01923467,0.890975603,-0.010614621,0.059494672,-0.000755,-0.032097432,0.045414472,-0.011364668,0.007949251,-0.007073552,Asia,0.437649335,Ploidy Level,Triploid
176,PI_590106,Malus sikkimensis,47.35082637,5.743236688,14.89023801,0.876510355,0.052044716,-0.033724659,-0.002177171,-0.030841049,0.019516122,-0.013391863,0.014309614,-0.005106505,Asia,0.385704828,Ploidy Level,Tetraploid
177,PI_590107,Malus sikkimensis,38.16755291,5.55956872,12.59917595,0.885608395,-0.015389851,0.000658,0.008185138,-0.035689413,0.057763329,-0.0112556,0.006179707,-0.006530672,Asia,0.441264472,Ploidy Level,Tetraploid
178,PI_590108,Malus sikkimensis,46.0334133,6.1600866,12.62275426,0.915857074,-0.060114793,0.00065,-0.00710648,-0.040232639,0.045822648,0.004154287,0.007398768,0.004915154,Asia,0.48801446,Ploidy Level,Tetraploid
179,PI_594097,Malus kansuensis,13.96901856,3.695437992,8.108412412,0.754946519,0.034090563,0.045788876,-0.010131497,0.029511697,0.028779797,0.027221492,0.010892443,0.000202,Asia,0.455753581,Ploidy Level,Diploid
180,PI_594102,Malus prunifolia,43.74034523,6.314608214,12.0862042,0.896981031,-0.050168513,-0.052836241,-0.054612077,-0.01476835,0.013014419,-0.031923897,0.020821057,-0.000814,Asia,0.522464134,Ploidy Level,Diploid
181,PI_594103,Malus prunifolia,26.43085505,4.977439466,9.436715499,0.878497278,-0.030911383,0.008364623,-0.070172665,0.007621242,-0.006606723,-0.005190903,0.003416172,-0.00803416,Asia,0.52745465,Ploidy Level,Diploid
182,PI_594109,Malus prunifolia,37.73317191,5.563978438,11.97456447,0.878560301,0.006300612,-0.02026301,-0.050106468,-0.002259002,-0.009021306,-0.009500407,0.004744537,-0.006858552,Asia,0.464649754,Ploidy Level,Diploid
183,PI_588758,Malus prunifolia,7.880799732,2.454845525,5.608162716,0.882335125,0.005350124,-0.032225357,-0.004846267,-0.028417972,0.028218646,-0.001944236,0.00860339,0.000229,Asia,0.437727229,Ploidy Level,Diploid
184,PI_588759,Malus ioensis,37.2828162,7.235055871,10.42821859,0.842947688,-0.171358401,-0.020927125,-0.002775987,0.032606505,-0.008665171,-0.003587342,-0.007529594,0.015970119,North America,0.693795955,Ploidy Level,Tetraploid
185,PI_588764,Malus fusca,25.68510619,4.472085169,10.80278812,0.869527513,0.040171636,-0.022415496,-0.001282348,-0.017560384,0.022703706,-0.026986913,0.005949453,-0.002450905,North America,0.413975089,Ploidy Level,Diploid
186,PI_588874,Malus baccata,24.71159667,4.188568707,11.57125894,0.815009818,0.106437986,0.060817519,-0.008364712,-0.021567755,-0.000207,-0.020396184,0.004281676,0.010890366,Asia,0.36198038,NA,NA
187,PI_588904,Malus x robusta,33.24573731,5.153557307,11.84154085,0.864124521,0.022088504,0.018167643,-0.029237648,0.001970871,0.005611372,-0.00135977,0.002080193,-0.012237897,Asia,0.435210026,Ploidy Level,Diploid
188,PI_588919,Malus sargentii,10.62415941,3.170642517,6.152636144,0.8540277,-0.047581289,-0.001314622,-0.006746262,0.000426,0.037545128,0.001672277,-0.020667304,-0.003024442,Asia,0.515330737,Ploidy Level,Triploid
189,PI_588923,Malus kansuensis,25.09417921,5.296525701,9.041977011,0.836281439,-0.09653121,0.02678484,-0.059359771,0.026596651,0.02581138,0.018420771,0.002790929,-0.006890979,Asia,0.585770755,Ploidy Level,Diploid
190,PI_588925,Malus ioensis,38.91279746,6.320085596,12.04690595,0.831366558,-0.081043911,0.007759376,0.039424062,-0.025194281,-0.032455914,0.032601386,-0.019127357,-0.031759325,North America,0.524623137,NA,NA
191,PI_588931,Malus fusca,22.74600607,4.5842299,10.38773993,0.794737665,0.009502436,-0.004658478,0.013809345,0.0103631,0.03823195,-0.002760255,-0.001504234,0.001617684,North America,0.441311578,Ploidy Level,Diploid
192,PI_588934,Malus ioensis,58.70769066,8.46477072,13.66797076,0.860254352,-0.119483442,-0.022886683,-0.016025576,0.014793303,0.001588082,-0.00396363,0.00372737,-0.001100146,North America,0.619314371,Ploidy Level,Triploid
193,PI_588937,Malus sargentii,15.60325697,4.086537675,7.58989863,0.841486665,-0.06660599,0.015863297,0.0029504,0.010107278,0.039358377,-0.005918249,-0.004876552,5.36E-05,Asia,0.538417952,Ploidy Level,Triploid
194,PI_588991,Malus ioensis,55.43122549,8.461756139,12.58193319,0.868741528,-0.122986607,-0.03744901,-0.059804065,0.046656992,-0.003017599,-0.009054972,0.006868324,0.014056564,North America,0.672532274,Ploidy Level,Triploid
195,PI_589005,Malus coronaria,59.71460899,8.718170004,12.38585154,0.868456441,-0.155093475,0.026623838,-0.062746945,0.038481111,-0.005704106,0.013067294,-0.004543195,0.015019466,North America,0.703881358,NA,NA
196,PI_589013,Malus halliana,6.801241528,2.353499313,5.349388017,0.863236359,0.018695517,-0.02465415,-0.025668502,-0.002957406,0.00657711,-0.009261285,-0.003137894,-0.013351458,Asia,0.43995674,Ploidy Level,Triploid
197,PI_589014,Malus coronaria,29.55897089,6.251709076,10.49833839,0.778875306,-0.146395649,-0.012454824,0.060140231,-0.049327245,-0.026864162,0.033949366,0.003121197,-0.037647516,North America,0.595495101,Ploidy Level,Diploid
198,PI_589219,Malus coronaria,95.508655,10.98304618,17.21238778,0.855867529,-0.119697244,-0.00922348,-0.039319307,0.036692154,0.010218556,-0.002379161,-0.008394528,-0.002349807,North America,0.638089632,Ploidy Level,Tetraploid
199,PI_589227,Malus coronaria,31.1357693,6.758654867,10.51160249,0.78402804,-0.102097224,0.011237152,-0.027680114,0.070340045,0.006707987,-0.009343087,0.004838388,-0.007735307,North America,0.642970934,Ploidy Level,Tetraploid
200,PI_589228,Malus fusca,19.33771319,4.460095579,8.253712866,0.851746649,-0.05960627,-0.001889067,-0.024181456,0.008170679,0.027264985,-0.020912155,0.011432442,-0.001927975,North America,0.540374453,Ploidy Level,Diploid
201,PI_589241,Malus ioensis,16.52654835,3.598501011,8.325029897,0.856735032,0.032517503,0.021244973,-0.014810266,-0.008920077,-0.004636241,0.018168014,-0.00882445,0.002829023,North America,0.432250821,Ploidy Level,Diploid
202,PI_589243,Malus ioensis,31.2497786,4.951951636,11.56558517,0.876910511,-0.006218828,0.004170202,0.034069152,-0.034019353,0.005359879,0.023925446,-0.009546452,-0.007678729,North America,0.428162654,Ploidy Level,Diploid
203,PI_589258,Malus ioensis,44.29346607,6.773277517,13.76539752,0.816953237,-0.065663675,0.014503893,0.062935558,-0.038215264,-0.005980868,0.042724742,-0.001344168,-0.024027226,North America,0.492050993,Ploidy Level,Diploid
204,PI_589275,Malus fusca,35.02356686,6.742666143,10.74799231,0.830595115,-0.124386738,0.017067719,-0.015183502,0.046462839,0.01730775,-0.018219369,0.006532195,0.015053607,North America,0.627341921,Ploidy Level,Diploid
205,PI_589283,Malus fusca,30.42412886,5.728158412,10.50878662,0.847656562,-0.093304402,-0.030511702,0.028733499,-0.022099451,0.032928572,-0.00535406,0.00646101,0.00170584,North America,0.54508276,Ploidy Level,Diploid
206,PI_589319,Malus fusca,27.23846504,4.263415465,12.90816,0.828618778,0.083928815,0.0175736,0.041505321,-0.032906168,0.041569435,-0.012906491,0.009861007,-0.008527851,North America,0.330288396,Ploidy Level,Diploid
207,PI_589331,Malus prunifolia,26.27644567,5.139242028,9.21003198,0.870942977,-0.062248056,0.01609743,-0.066210391,0.007317782,0.011447015,-0.015556077,0.004340533,-0.001988639,Asia,0.558004797,Ploidy Level,Diploid
208,PI_589344,Malus coronaria,50.16834333,7.570684971,13.25128521,0.84703692,-0.071624206,-0.023014676,-0.024465353,0.036011259,0.010532708,0.014797389,-0.003960385,-0.01573577,North America,0.571317035,Ploidy Level,Tetraploid
209,PI_589368,Malus sargentii,30.52292058,6.787024414,9.196909304,0.850434659,-0.223549203,0.024726705,0.059270906,-0.023828138,-0.022930997,-0.004986642,-0.014908118,0.024600808,Asia,0.737967962,Ploidy Level,Tetraploid
210,PI_589372,Malus sargentii,27.07637194,6.394310049,9.20810931,0.804309248,-0.193643237,0.006025813,0.083353604,-0.029656681,-0.019079789,0.002668011,-0.005144481,0.012387596,Asia,0.694421605,Ploidy Level,Tetraploid
211,PI_589377,Malus sikkimensis,24.807285,4.08077771,12.13367488,0.8332336,0.113741929,0.000473,0.013378336,-0.024479932,0.016718946,0.000598,-0.003783033,-0.001263971,Asia,0.336318366,Ploidy Level,Tetraploid
212,PI_589406,Malus ioensis,49.95172434,7.076208626,15.02211981,0.826714521,-0.013808206,-0.010493764,0.031270586,0.023114444,0.026505019,0.015097824,-0.006151505,-0.010241508,North America,0.471052602,Ploidy Level,Triploid
213,PI_589407,Malus coronaria,34.05304171,6.924438284,10.59701651,0.792064739,-0.111890467,0.054140324,-0.026179839,0.054801815,-0.011044965,-0.005738699,0.003731437,-0.006619289,North America,0.653432811,Ploidy Level,Tetraploid
214,PI_589412,Malus sargentii,26.13972507,6.360637409,8.96648509,0.808365104,-0.202365827,0.00803883,0.087153445,-0.000225,-0.026833529,-0.013932483,-0.008827099,0.019957838,Asia,0.709379132,Ploidy Level,Tetraploid
215,PI_589414,Malus ioensis,24.54631372,5.141077539,8.607627882,0.871584671,-0.112363468,0.008237946,-0.017000076,-0.005650464,-0.015975167,0.018309669,0.002322449,-0.007729767,North America,0.597269957,Ploidy Level,Triploid
216,PI_589423,Malus coronaria,15.48917398,4.416271681,6.402482897,0.877781676,-0.184468801,-0.006243073,-0.02040975,-0.028000196,7.53E-05,0.030677447,-0.005283117,0.028500278,North America,0.68977485,Ploidy Level,Tetraploid
217,PI_589425,Malus coronaria,67.73606944,9.398077199,13.31465057,0.89360016,-0.191909587,-0.03676796,-0.012488018,-0.016024981,0.01183748,0.006184901,-0.00618022,0.024497264,North America,0.705844825,Ploidy Level,Tetraploid
218,PI_589477,Malus baccata,28.79142118,4.577267734,12.79832632,0.790697345,0.104659377,0.072436309,0.019931266,-0.055464393,0.021496267,-0.034459313,-0.011848819,0.021904513,Asia,0.357645806,Ploidy Level,Diploid
219,PI_589728,Malus coronaria,11.86446877,3.076276123,6.610713571,0.891370584,-0.015042627,0.015232957,-0.010974512,-0.028838651,0.000139,0.017436029,-0.010785915,-0.001968784,North America,0.46534706,Ploidy Level,Triploid
220,PI_589739,Malus coronaria,28.73797668,6.040019635,9.321987216,0.87694574,-0.166386134,-0.017235222,0.04174764,0.006726838,0.013051236,0.038051435,-0.011529867,0.009607083,North America,0.647932624,Ploidy Level,Triploid
221,PI_589740,Malus coronaria,57.15325267,8.232478556,12.1523042,0.907473167,-0.164810612,-0.007778826,-0.032936798,0.023700364,0.023470083,0.054206183,-0.016813702,0.018222016,North America,0.677441777,Ploidy Level,Tetraploid
222,PI_589745,Malus ioensis,24.93003923,5.519600885,7.62084169,0.894909413,-0.189077105,0.019203677,-0.061810414,0.000982,-0.013652121,0.004237772,0.000945,0.019841876,North America,0.724277069,Ploidy Level,Triploid
223,PI_589747,Malus toringo,18.27763622,4.967227098,8.167931574,0.772432215,-0.138118515,-0.019746225,0.092451267,-0.015378137,-0.017803133,0.005019417,-0.02143487,0.017708267,Asia,0.608137697,Ploidy Level,Triploid
224,PI_589748,Malus toringo,27.0256209,5.999320546,11.31919725,0.71579907,-0.073328903,-0.015548958,0.136947952,-0.001124976,-0.055696502,-0.013195231,0.016951158,-0.022822324,Asia,0.530012899,Ploidy Level,Diploid
225,PI_589761,Malus angustifolia,17.01164013,3.800585165,8.582465991,0.833306184,0.008942187,0.006121216,0.008192268,-0.004690948,-0.009752931,0.01685818,0.008546418,-0.023624905,North America,0.442831369,Ploidy Level,Diploid
226,PI_589764,Malus angustifolia,15.22340874,3.302255164,8.36549392,0.850797692,0.050724566,0.022316874,0.005294092,-0.010507923,-0.004924334,0.015792933,-0.011957846,-0.016182519,North America,0.394747184,Ploidy Level,Diploid
227,PI_589765,Malus angustifolia,27.59031948,5.869139865,10.89593443,0.768336552,-0.070525339,0.009434373,0.04876088,0.011749261,-0.017855232,0.023113375,-0.006250695,-0.046596493,North America,0.53865411,Ploidy Level,Tetraploid
228,PI_589767,Malus angustifolia,27.54217966,5.625966612,9.916539501,0.846264791,-0.079313693,0.002050639,0.01190019,0.035575618,0.010785524,0.031085039,-0.006389112,-0.008227415,North America,0.567331639,Ploidy Level,Triploid
229,PI_589768,Malus coronaria,38.53746759,7.113419089,10.27995768,0.86483968,-0.170134475,-0.040313716,-0.035848453,0.008795443,-0.004414585,-0.006804425,0.003050498,0.003516079,North America,0.691969686,Ploidy Level,Tetraploid
230,PI_589769,Malus angustifolia,26.75624801,5.977443963,9.391283929,0.814933196,-0.144239209,0.015743195,0.02371563,0.026402165,-0.021841834,0.005885463,0.000147,-0.022314968,North America,0.636488473,Ploidy Level,Diploid
231,PI_589771,Malus angustifolia,32.15641452,5.988572799,11.09125491,0.830886618,-0.040241195,-0.008418912,0.001397976,0.043451022,0.016837404,0.032396519,-0.009689056,-9.97E-05,North America,0.53993645,Ploidy Level,Triploid
232,PI_589772,Malus angustifolia,22.52680869,5.030338574,9.464450341,0.822228055,-0.066177357,-0.011036244,0.034238245,0.01539175,0.003393699,0.040911304,-0.007093865,-0.022500346,North America,0.531498227,Ploidy Level,Triploid
233,PI_589773,Malus angustifolia,39.72374093,7.053333257,12.36044979,0.780773414,-0.091356631,0.0380915,0.032866883,-0.011267971,-0.028796319,0.009656487,-0.00361967,-0.034076283,North America,0.570637265,Ploidy Level,Tetraploid
234,PI_589843,Malus ioensis,39.94658808,7.109411696,10.62804515,0.860183007,-0.186642973,0.00384733,0.024956447,-0.020982691,-0.026716728,0.046729455,-0.003117998,0.001892281,North America,0.668929384,Ploidy Level,Diploid
235,PI_589933,Malus fusca,16.34437114,3.89597907,8.371604469,0.839983071,-0.00902921,0.013111359,-0.003296827,0.001066982,0.035246388,-0.019011346,0.002446418,-8.25E-06,North America,0.465380213,Ploidy Level,Diploid
236,PI_589935,Malus fusca,21.60481976,4.261970564,10.57067085,0.79608715,0.052507176,0.018615594,0.00016,0.006277924,0.018492631,-0.012663734,0.01631192,-0.001083494,North America,0.403188277,Ploidy Level,Diploid
237,PI_589936,Malus fusca,16.67954902,4.644477755,8.843065983,0.72163694,-0.021421444,0.009701475,0.024075168,0.063965085,0.024436199,-0.020147433,0.002491623,0.009765401,North America,0.525211252,Ploidy Level,Diploid
238,PI_589938,Malus fusca,27.74822808,6.169591243,9.227981151,0.819337855,-0.173545928,0.009112374,-0.008542908,0.033432617,0.043216153,-0.015424714,-0.001280831,0.038162389,North America,0.668574322,Ploidy Level,Diploid
239,PI_589939,Malus fusca,11.9478698,3.353640992,6.760218597,0.861158846,-0.050953243,-0.005286329,0.017709246,-0.014107075,0.026383478,-0.017016751,0.005915187,0.002760774,North America,0.496084697,Ploidy Level,Diploid
240,PI_589940,Malus fusca,13.3795522,3.730336679,7.518654884,0.795375348,0.002033593,0.023865788,-0.027455968,0.03355525,0.033266542,0.013658357,-0.017664396,-0.002178235,North America,0.496144156,Ploidy Level,Diploid
241,PI_589941,Malus fusca,21.10137412,4.45871981,8.828063571,0.87397614,-0.06336407,0.013808815,-0.006453122,-0.015106122,0.030706915,-0.024644015,-0.001046092,-0.006632918,North America,0.505062042,Ploidy Level,Diploid
242,PI_589957,Malus toringo,17.39955801,4.590225372,8.079104106,0.806518834,-0.066238456,-0.018499263,0.021025401,0.042229232,-0.000771,-0.007604102,0.008526436,0.016193201,Asia,0.568160196,Ploidy Level,Diploid
243,PI_589975,Malus fusca,19.31512158,4.261421912,9.195140263,0.835444464,0.001589815,0.005514216,0.002666726,-0.009315111,0.036200259,-0.031546968,0.000331,0.003386974,North America,0.463442839,Ploidy Level,Diploid
244,PI_589976,Malus coronaria,40.77756047,7.30230117,10.72540339,0.846631759,-0.170790139,-0.020200731,-0.011725365,-0.029216871,-0.006177437,-0.002404362,-0.009534142,0.009051902,North America,0.680841634,Ploidy Level,Tetraploid
245,PI_589977,Malus coronaria,42.98689635,8.142572087,10.37994608,0.843352626,-0.247211898,0.002934155,-0.010780299,-0.013645185,-0.013545571,0.003178765,0.006421646,0.011923713,North America,0.784452253,Ploidy Level,Tetraploid
246,PI_589982,Malus coronaria,21.03555509,4.972996774,8.680573645,0.825944503,-0.0575282,0.011678026,-0.029736137,0.028497307,0.016532541,-0.005527891,0.002072802,-0.000998,North America,0.572888035,Ploidy Level,Tetraploid
247,PI_589983,Malus coronaria,42.57049905,7.683213585,10.59837128,0.857170546,-0.209955052,0.00194933,0.003494632,-0.035337335,-0.008259442,0.013091208,0.000411,0.014558879,North America,0.72494286,Ploidy Level,Tetraploid
248,PI_589984,Malus coronaria,28.31045005,5.678683625,8.974206993,0.881671692,-0.136829665,-0.009714261,-0.027093058,-0.005087787,0.009548522,0.005883721,0.002273224,0.007264726,North America,0.63277832,Ploidy Level,Triploid
249,PI_589987,Malus coronaria,49.52151023,8.293913807,11.7936175,0.822609094,-0.167337771,-0.053932769,-0.040527064,0.009999759,-0.019450351,-0.030428891,0.002231438,-0.001196601,North America,0.703254435,Ploidy Level,Tetraploid
250,PI_589988,Malus coronaria,33.09280145,6.676639943,10.14764589,0.839685093,-0.16363634,-0.019814513,0.000568,-0.005678999,-0.000974,-0.014907409,0.010178277,-0.001804761,North America,0.657949638,Ploidy Level,Triploid
251,PI_589989,Malus coronaria,34.88231799,7.308328808,10.30233808,0.814966161,-0.200684031,0.016363115,0.011287469,-0.014201944,-0.025648872,-0.019272943,0.006404803,0.001120175,North America,0.709385457,Ploidy Level,Triploid
252,PI_589990,Malus coronaria,42.87565894,7.399499465,11.57294943,0.82083432,-0.12033857,-0.002542783,-0.028548807,0.021873874,-0.006964897,-0.018368284,0.014232339,0.001580505,North America,0.639378882,Ploidy Level,Tetraploid
253,PI_589991,Malus coronaria,26.30998652,5.818748104,10.09043215,0.777920495,-0.070935127,-0.024944473,-0.00360967,0.046932264,0.013620583,-0.003186404,0.016787702,-0.016309006,North America,0.57665995,Ploidy Level,Tetraploid
254,PI_589993,Malus coronaria,39.37447659,7.713166345,10.94230922,0.802280613,-0.161709617,0.029203442,0.005616312,-0.003360133,-0.023186806,0.005022314,0.029587765,0.015846243,North America,0.704893838,Ploidy Level,Triploid
255,PI_589998,Malus ioensis,58.76909502,8.058299297,13.63513042,0.875722352,-0.120524184,-0.027304872,-0.014076709,0.008251846,0.009357736,0.014530301,-0.014477375,-0.004566096,North America,0.590995396,Ploidy Level,Triploid
256,PI_589999,Malus ioensis,45.48783062,6.790234587,12.19647962,0.857616356,-0.055301788,-0.040422357,-0.026967734,-0.003157751,-0.002018463,0.013910021,-0.018808393,0.006925618,North America,0.556737255,Ploidy Level,Triploid
257,PI_590000,Malus coronaria,53.46395612,8.386860927,11.5560013,0.878258898,-0.222817981,-0.010962375,-0.01840504,-0.029628068,-0.010720247,-0.000937,-0.015570504,0.020027739,North America,0.725758046,Ploidy Level,Triploid
258,PI_590002,Malus ioensis,52.98175449,7.702992712,13.02144903,0.861887458,-0.122725749,0.000738,-0.003261098,-0.014106031,-0.000672,0.018969408,-0.000313,-0.014287439,North America,0.591561868,Ploidy Level,Triploid
259,PI_590003,Malus ioensis,38.72405959,6.744725956,10.67136613,0.862181946,-0.135957809,-0.007207543,-0.030083168,0.006324663,-0.01452116,-0.002643591,-0.007249275,-0.017047722,North America,0.632039598,Ploidy Level,Tetraploid
260,PI_590004,Malus ioensis,29.02291781,5.203393586,10.99950491,0.843354432,-0.015174828,0.016908659,0.015773248,0.003804277,-0.010112152,0.011780427,-0.003032822,-0.021081544,North America,0.473057072,Ploidy Level,Diploid
261,PI_590006,Malus ioensis,43.27944152,5.990256684,13.79061008,0.872751323,0.017752418,0.016214318,0.016797259,-0.010589148,0.011706176,0.023496815,-0.011860648,-0.012391519,North America,0.434372131,Ploidy Level,Diploid
262,PI_590007,Malus ioensis,40.66624235,7.450800404,11.41173376,0.795961366,-0.171736027,0.005950078,0.047482352,-0.042785944,-0.056033424,0.045334978,-0.00509718,-0.029623471,North America,0.652906961,Ploidy Level,Diploid
263,PI_590008,Malus ioensis,29.46209968,6.289337135,9.292956312,0.83133971,-0.177457748,0.004252486,0.028096041,-0.018017686,-0.044151077,0.027833823,-0.010028673,-0.011006692,North America,0.676785398,Ploidy Level,Diploid
264,PI_590009,Malus ioensis,38.92046584,6.35973274,12.64205773,0.790564135,-0.049504918,-0.040932474,0.029399809,-0.031386306,-0.034142158,0.026738959,-0.004266676,-0.028656899,North America,0.503061517,Ploidy Level,Diploid
265,PI_590010,Malus ioensis,37.72989791,6.091149227,12.4802521,0.796695533,-0.035666851,-0.002891104,0.026368212,-0.010363193,-0.037695534,0.033496195,0.002875696,-0.041300658,North America,0.488062996,Ploidy Level,Diploid
266,PI_590012,Malus ioensis,67.99760088,8.510638036,15.55422418,0.860731455,-0.108022313,-0.011810328,0.046746432,-0.03515265,-0.007106075,0.039732991,0.007974196,-0.010419546,North America,0.547159276,Ploidy Level,Diploid
267,PI_590013,Malus ioensis,58.54356763,8.297227987,13.79398483,0.848245817,-0.130742635,-0.001111995,0.042547029,-0.028482747,-0.015874195,0.025167714,-0.002237444,-0.015427509,North America,0.601510592,Ploidy Level,Diploid
268,PI_590014,Malus coronaria,25.87341503,4.960539555,11.10914303,0.792304872,0.007680658,0.007607289,0.051451018,-0.012162039,-0.002637985,0.019049473,-0.004936023,-0.025932452,North America,0.446527652,Ploidy Level,Diploid
269,PI_590015,Malus ioensis,23.72766067,4.640908858,10.21613458,0.8304153,0.014409635,0.050045495,0.006745888,0.00973724,-0.004026284,0.020622003,-0.009132386,-0.014131505,North America,0.454272486,Ploidy Level,Diploid
270,PI_590016,Malus ioensis,34.26533073,5.987007482,11.30429413,0.84606212,-0.087284135,-0.036715624,0.028582822,-0.028046147,0.004547476,0.029269891,0.010432278,-0.014913325,North America,0.529622408,Ploidy Level,Diploid
271,PI_590018,Malus coronaria,40.37699177,6.433627744,11.52852998,0.861368182,-0.086896138,0.033086985,0.014556458,-0.015509065,-0.002948672,0.023413898,-0.012784423,-0.005123124,North America,0.558061414,Ploidy Level,Triploid
272,PI_590019,Malus coronaria,44.45796693,7.478249914,11.14714381,0.880024072,-0.167196269,0.001879708,-0.004462503,0.008852551,-0.004170315,0.007515667,-0.009970185,0.006794005,North America,0.670866909,Ploidy Level,Triploid
273,PI_590020,Malus coronaria,24.58017443,5.689900551,9.064339568,0.816385676,-0.104601535,0.026676545,-0.022497683,0.045554312,0.00970377,0.003890042,-0.003626374,-0.006620458,North America,0.627723676,Ploidy Level,Triploid
274,PI_590021,Malus coronaria,14.37893435,3.606046647,7.173816614,0.867331858,-0.05362085,0.020993678,-0.012102371,-0.019434852,0.018148125,-0.00876808,0.008855832,0.00156019,North America,0.502667804,Ploidy Level,Triploid
275,PI_590028,Malus halliana,23.16435871,4.671679763,8.837960556,0.876403974,-0.028422616,0.010664006,-0.071527782,0.001563122,-0.008649499,-0.022833857,-0.005409595,0.003716367,Asia,0.528592511,Ploidy Level,Diploid
276,PI_590031,Malus baccata,17.43736108,3.776851669,9.653187364,0.805471012,0.09934321,0.018574064,-0.026794648,-0.002584282,-0.010193808,-0.002017457,0.001643002,0.002598877,Asia,0.391254363,Ploidy Level,Diploid
277,PI_590036,Malus fusca,29.04961045,5.646821672,10.34838405,0.851653379,-0.100861601,-0.021077515,0.038377127,-0.011245936,0.023743871,-0.007537195,0.006768786,0.004544149,North America,0.545671831,Ploidy Level,Diploid
278,PI_590037,Malus fusca,43.41664998,7.658707418,11.23266628,0.846060883,-0.152486148,0.001655133,-0.03721599,0.048575453,0.001114744,-0.018019088,0.01100795,0.018679921,North America,0.681824531,Ploidy Level,Diploid
279,PI_590038,Malus fusca,38.17083203,6.912324627,10.95048084,0.851157143,-0.115109916,-0.035208154,-0.029840858,0.028848277,-0.00054,-0.024338945,-0.001362088,0.005573116,North America,0.631234804,Ploidy Level,Diploid
280,PI_590039,Malus fusca,36.68092609,7.219343617,10.34996371,0.824395711,-0.176312449,-0.038047244,0.00294915,0.048779039,-0.003570712,-0.025134925,0.014922045,0.025362079,North America,0.697523568,Ploidy Level,Diploid
281,PI_590048,Malus sargentii,12.86248429,3.432565081,6.665993899,0.875293648,-0.042925345,0.044289205,-0.025447687,-0.006918559,0.007046484,0.007408744,-0.015692744,-0.002788872,Asia,0.514936727,Ploidy Level,Tetraploid
282,PI_590050,Malus sargentii,22.84931177,4.534602918,8.587089008,0.894999363,-0.055413601,-0.022798858,-0.035946985,-0.005225107,0.014275511,0.010781287,-0.006684704,0.007485227,Asia,0.528072192,Ploidy Level,Tetraploid
283,PI_590068,Malus x robusta,18.63103452,3.220541222,11.58825739,0.838470302,0.143907099,0.014366388,0.061087577,-0.046663261,0.0346122,-0.004438769,-0.00553996,0.009356547,Asia,0.277914195,Ploidy Level,Diploid
284,PI_590093,Malus ioensis,20.24335958,5.025596495,7.283968576,0.870070756,-0.185981684,-0.004799119,-0.025481299,-0.018232055,-0.015478624,0.026485917,-0.01241936,-0.004197366,North America,0.689953072,Ploidy Level,Tetraploid
285,PI_590099,Malus toringo,9.90353945,3.221133271,7.074656732,0.793348062,0.000528,0.018394313,0.07408778,0.00581021,0.014078565,-0.014831074,0.007094849,-0.005121735,Asia,0.455305945,Ploidy Level,Diploid
286,PI_590100,Malus toringo,27.7166252,6.3857111,11.77479204,0.699916588,-0.070999815,-0.072658969,0.147968183,0.012198638,-0.030495952,0.009848065,0.053910299,0.010687048,Asia,0.542320499,Ploidy Level,Diploid
287,PI_590175,Malus angustifolia,40.16125136,6.54602125,12.47228932,0.850700326,-0.053138131,0.015979898,0.024861191,0.013350132,0.014960698,0.002573196,-0.005349874,-0.012323328,North America,0.524845205,Ploidy Level,Diploid
288,PI_594105,Malus fusca,20.31589189,4.423074788,9.795894961,0.807391631,0.027845266,-0.00702711,0.00396314,0.023465946,0.020269006,-0.014389623,0.003100689,-0.00650193,North America,0.451523297,Ploidy Level,Diploid
289,PI_596279,Malus ioensis,27.83775477,5.96549602,8.237622942,0.886231692,-0.180586448,-0.026493315,-0.066003462,0.029908008,-0.012066667,0.01951077,-0.003352062,0.009196076,North America,0.724176873,Ploidy Level,Pentaploid
290,PI_613811,Malus hupehensis,16.04387927,3.837088098,8.273426605,0.822989284,0.03372961,0.024232803,-0.04310551,0.014476502,0.00151405,0.007205132,0.002386582,-0.002999391,Asia,0.46378463,Ploidy Level,Tetraploid
291,PI_613812,Malus sargentii,44.63998914,8.863098682,10.64781237,0.806947564,-0.26432717,0.020629877,0.088051698,-0.040936332,-0.036834573,-0.01340581,0.005434686,0.054478828,Asia,0.83238682,Ploidy Level,Tetraploid
292,PI_613820,Malus fusca,37.69230972,6.049855506,12.99870942,0.823624455,-0.020449591,0.009496962,0.017979326,0.014492514,0.041885456,0.005588098,-0.00612887,-0.008335508,North America,0.465419705,Ploidy Level,Diploid
293,PI_613823,Malus fusca,23.29053192,5.35098789,9.643754658,0.794129772,-0.057660673,-0.01417204,0.005004873,0.039954209,0.030010147,-0.018484275,0.00079,0.007029474,North America,0.554865618,Ploidy Level,Diploid
294,PI_613826,Malus coronaria,18.78910787,4.649402329,7.196633383,0.869687095,-0.158925335,-0.014879799,-0.019917086,-0.030633083,-0.010666767,-0.003731047,-0.009859713,-0.002809383,North America,0.646052408,Ploidy Level,Tetraploid
295,PI_613838,Malus toringo,18.29343415,4.508918635,8.100876924,0.844036238,-0.071150828,-0.017301565,0.009751885,0.027605222,0.022032604,0.016073681,-0.021218219,0.010681345,Asia,0.556596363,Ploidy Level,Diploid
296,PI_613851,Malus sieversii,24.19872205,4.042350413,11.5998975,0.861571075,0.076745967,0.014472933,0.021822779,-0.01817595,0.033697518,0.008739391,0.001731835,-0.01183424,Asia,0.348481563,Ploidy Level,Diploid
297,PI_613872,Malus ioensis,54.20851003,7.972582227,12.86664047,0.860632043,-0.162214708,-0.049181939,0.012689376,-0.022312273,-0.011205296,0.007810284,0.00460405,-0.004230513,North America,0.619632005,Ploidy Level,Triploid
298,PI_613873,Malus ioensis,60.02331098,8.208228207,14.36764666,0.848161379,-0.099144823,-0.035357373,0.007971841,-0.001905648,-0.004080135,-0.005683483,0.009045223,-0.013414921,North America,0.57129942,Ploidy Level,Triploid
299,PI_613881,Malus angustifolia,8.21215975,2.745087802,6.218558744,0.785517125,0.045352337,0.032701587,-0.010331151,0.027447119,-0.00513247,0.041903061,-0.007943431,-0.019954661,North America,0.44143473,Ploidy Level,Triploid
300,PI_613885,Malus coronaria,26.86894639,5.223759602,10.01336595,0.847916785,-0.025994234,0.005885396,-0.032348724,0.033058178,0.013706456,0.020682268,-0.010924733,-0.012022584,North America,0.521678687,Ploidy Level,Tetraploid
301,PI_613890,Malus coronaria,31.73094594,6.204918153,10.73397446,0.811374599,-0.122524553,-0.004362306,0.031530676,-0.009246713,0.022659163,0.044331191,-0.013742302,-0.020820991,North America,0.578063436,Ploidy Level,Tetraploid
302,PI_613891,Malus coronaria,31.74619201,6.219231046,9.492577471,0.860869589,-0.138049423,0.022471607,-0.05047622,0.024077283,-0.005979761,-0.009679047,0.001733531,-0.002593305,North America,0.655167795,Ploidy Level,Tetraploid
303,PI_613892,Malus ioensis,69.37171001,9.107542736,15.17227837,0.83920753,-0.107106396,0.047710387,-0.014625989,0.018233707,0.005228984,0.019114796,-0.022153362,-0.015070643,North America,0.60027522,Ploidy Level,Tetraploid
304,PI_613893,Malus ioensis,46.16823324,6.334890643,14.13669968,0.85040604,0.005350264,0.013140426,0.027774695,0.002360667,0.004590786,0.013536621,0.009851074,-0.009125966,North America,0.44811666,Ploidy Level,Diploid
305,PI_613894,Malus ioensis,48.68793314,7.566756576,12.20750802,0.84561893,-0.153774106,0.014791479,0.004969707,-0.032887174,-0.015897975,0.022753557,-0.020360608,-0.009536269,North America,0.619844489,Ploidy Level,Diploid
306,PI_613897,Malus fusca,35.43797671,5.377290943,11.69858941,0.869209392,0.013966706,-0.020851831,-0.040062629,0.001392274,-0.006555799,-0.012099154,0.007150901,-0.009935307,North America,0.459652934,Ploidy Level,Diploid
307,PI_613898,Malus fusca,11.12296868,3.287979884,6.725047873,0.838460518,-0.014375911,-0.011778926,-0.028281261,0.014522846,0.033289915,0.012609854,0.004268579,-0.009422411,North America,0.488915461,Ploidy Level,Diploid
308,PI_613900,Malus fusca,33.39848683,6.592569269,10.83611349,0.809917801,-0.120309849,-0.010599845,0.0010791,0.034437285,0.02516936,-0.041651084,0.006901081,0.002125354,North America,0.608388725,Ploidy Level,Diploid
309,PI_613901,Malus fusca,40.15052103,6.489827659,13.71478976,0.782601563,-0.030652515,0.0042692,0.045569076,0.023976067,0.064955749,0.016314693,-0.00779075,0.004283861,North America,0.473199208,Ploidy Level,Diploid
310,PI_613902,Malus fusca,22.31183046,4.242747551,9.659033628,0.855992344,0.003284181,0.029001687,-0.011596521,-0.009520164,0.006755634,-0.021069794,0.01926654,-0.009020528,North America,0.439251763,Ploidy Level,Diploid
311,PI_613903,Malus fusca,34.81826244,5.846044417,12.13381723,0.822134705,-0.010168314,-0.072125848,-0.009273785,0.022535964,0.023657276,-0.012590607,0.006759201,-0.007603104,North America,0.481797633,Ploidy Level,Diploid
312,PI_613904,Malus fusca,29.07644046,5.740222108,10.74365724,0.805583112,-0.084362107,0.057969354,0.029792217,0.002035478,0.051471659,-0.006839642,-0.008409015,0.001089345,North America,0.534289393,Ploidy Level,Diploid
313,PI_613905,Malus coronaria,51.86336789,8.534525348,11.06108153,0.874087206,-0.245679111,-0.022692828,-0.018915881,-0.034592968,-0.007937805,0.00800016,0.009649436,0.037849001,North America,0.771581452,Ploidy Level,Triploid
314,PI_613906,Malus ioensis,63.53763405,8.755891699,13.94716187,0.846538734,-0.153262515,0.008383139,-0.000537,-0.032848494,-0.006372956,0.027933503,-0.012454508,-0.000659,North America,0.627790211,Ploidy Level,Triploid
315,PI_613908,Malus ioensis,59.25465662,8.593548373,13.70332039,0.841213005,-0.163942243,0.008590808,0.029795508,-0.034224301,-0.026042639,0.030559696,-0.004672168,-0.015854354,North America,0.627114315,Ploidy Level,Diploid
316,PI_613909,Malus fusca,12.37310831,3.407298666,7.955912423,0.789317426,0.048661428,-0.003287679,-0.004319519,0.018039346,0.036428042,0.020379432,-0.003549866,-0.005007573,North America,0.42827252,Ploidy Level,Diploid
317,PI_613910,Malus fusca,19.50906909,4.051442585,9.523140915,0.843637652,0.010362204,0.00785976,0.022905509,-0.004824563,0.034545305,-0.003754942,0.005958917,-0.004722775,North America,0.425431338,Ploidy Level,Diploid
318,PI_613945,Malus toringo,31.8249949,8.190838459,10.99100989,0.661631345,-0.200604422,0.011119003,0.157120917,-0.012787006,-0.05583916,-0.024435215,0.005388975,0.02139895,Asia,0.745230742,Ploidy Level,Triploid
319,PI_629313,Malus sieversii,25.00572239,3.832420448,12.70190422,0.835065253,0.143474025,-0.002182049,0.018369353,-0.018139383,-0.002035389,0.016239413,-0.009884018,0.000776,Asia,0.30172015,Ploidy Level,Diploid
320,PI_644172,Malus sieversii,21.73518581,3.743079521,10.92364061,0.878379601,0.092521608,0.009984755,0.013729805,-0.032072205,0.018395957,-0.006701253,-0.001003951,-0.004135574,Asia,0.342658611,NA,NA
321,PI_644211,Malus sieversii,28.96059685,4.7888426,10.89311056,0.893712955,-0.001913202,0.025653238,-0.017881564,-0.012905251,0.01945588,0.007726145,0.007891574,-0.011462583,Asia,0.439621224,NA,NA
322,PI_650955,Malus sieversii,28.22393713,4.658019931,11.51992418,0.877996029,0.041038622,-0.002203332,-0.009138672,-0.01070472,0.015232891,-0.012519372,0.002804346,-0.011160536,Asia,0.404344669,NA,NA
323,PI_650987,Malus sieversii,26.16643312,4.262265902,11.85479447,0.863864742,0.082844062,0.001320567,0.005368804,-0.019513214,0.012193088,-0.016589044,0.001236443,-0.01045224,Asia,0.359539418,NA,NA
324,PI_657015,Malus sieversii,70.12717625,8.290986676,13.99918729,0.919834303,-0.107524834,-0.02685734,-0.066929521,0.00655315,0.002374091,0.014723585,-0.011438601,0.00082,Asia,0.592247714,NA,NA
325,PI_657028,Malus sieversii,34.02612284,4.610125541,13.01503393,0.903482056,0.040905212,0.019074027,0.033745216,-0.064724383,0.034174466,-0.019388607,-0.015893989,-0.00213095,Asia,0.354215407,NA,NA
326,PI_657037,Malus sieversii,35.50815052,5.493368629,12.19252939,0.876169425,-0.002093275,0.006215479,-0.019584262,-0.011495596,0.030341333,-0.009601754,0.006655448,-0.013529858,Asia,0.45055201,NA,NA
327,PI_657038,Malus sieversii,37.39871321,5.073879565,13.87123459,0.85465967,0.10317553,-0.009485683,-0.02177664,-0.008514028,-0.019264905,-0.005024373,-0.000216,-0.002766335,Asia,0.365784281,NA,NA
328,PI_657039,Malus sieversii,35.49661814,4.962801868,13.63780618,0.84655525,0.110765531,0.000289,-0.020742442,-0.007580142,-0.021777815,0.000738,0.000576,-0.000642,Asia,0.363900308,NA,NA
329,PI_657040,Malus sieversii,22.98474627,4.367931798,10.51782965,0.858848583,0.047197546,0.012740552,-0.020736717,0.000239,0.018169146,-0.007743601,0.005732602,-0.010284968,Asia,0.415288319,NA,NA
330,PI_657043,Malus sieversii,31.90556208,5.053313011,12.49719053,0.851437313,0.059419771,-0.00347149,-0.018611845,-0.007128854,0.015678231,-0.013926714,0.008902941,-0.009986084,Asia,0.404355923,NA,NA
331,PI_657049,Malus sieversii,47.19234311,5.82539039,14.95550401,0.861482851,0.080511847,-0.005259321,-0.028442129,-0.007295826,-0.015859252,-0.009599402,0.005213372,-0.003989678,Asia,0.389514816,NA,NA
332,PI_657062,Malus sieversii,37.14911453,5.505093793,12.16966348,0.898295764,0.001807636,-0.013753762,-0.036342149,-0.011010381,0.018152458,-0.010153028,-0.004203028,-0.010503857,Asia,0.45236204,NA,NA
333,PI_657068,Malus sieversii,27.09270939,4.918108403,9.998252202,0.8992327,-0.038670274,-0.010730178,-0.026302896,-0.011015445,0.027368475,-0.006452898,0.008128522,-0.006536009,Asia,0.491896814,NA,NA
334,PI_657074,Malus sieversii,37.29251388,5.228541276,12.97754408,0.885722693,0.051771959,0.018018165,-0.019821266,-0.010476383,0.004186738,-0.002012741,0.000252,-0.009074679,Asia,0.402891429,NA,NA
335,PI_657078,Malus sieversii,35.4706679,5.02468334,13.03047923,0.885432339,0.04120178,-0.006567151,0.010144706,-0.037411126,0.030156712,-0.028171901,0.013658534,-0.006589116,Asia,0.385610019,NA,NA
336,PI_657081,Malus sieversii,23.18658695,3.643749704,11.90097215,0.885925592,0.119589807,-0.0018935,0.028290886,-0.037236023,0.01573285,-0.000712,0.007191458,-0.000731,Asia,0.306172442,NA,NA
337,PI_657084,Malus sieversii,44.66207882,5.993328342,14.02445201,0.869142953,0.035116811,-0.013658914,-0.026612143,0.003980688,0.004675436,-0.000862,-0.013736925,-0.01521905,Asia,0.427348487,NA,NA
338,PI_657091,Malus sieversii,29.28542017,4.753829483,12.34141259,0.837630391,0.068296142,-0.002732933,0.000724,-0.007186801,0.033741067,-0.007829771,0.002235696,-0.011024626,Asia,0.385193303,NA,NA
339,PI_657106,Malus sieversii,52.80135594,6.606859127,13.0514682,0.925128012,-0.068295284,0.008437349,-0.040151128,-0.024903655,0.01409759,-0.017936825,-0.004144984,-0.002183287,Asia,0.506215778,NA,NA
340,PI_657108,Malus sieversii,49.03383163,6.66283623,13.19812317,0.891610052,-0.021163314,-0.005322934,-0.058636822,0.008263364,-0.003472367,-0.003136802,0.01086398,-0.00931022,Asia,0.5048321,NA,NA
341,PI_657117,Malus sieversii,41.96086008,6.286278241,11.35379724,0.913033665,-0.080633169,-0.036173718,-0.049473641,-0.008156364,0.006513758,-0.011244431,-0.023157064,0.005979475,Asia,0.553671878,NA,NA
342,PI_657747,Malus toringo,25.31249513,6.781288724,10.61398813,0.666836168,-0.121031691,0.00963832,0.149720046,0.050464959,-0.039121548,-0.023567149,0.011538508,0.001594816,Asia,0.638901103,NA,NA
343,PI_666152,Malus sieversii,41.37457792,5.929387718,12.73115259,0.89754688,-0.012502234,-0.015350939,-0.024086827,-0.008228636,0.025218043,-0.004654808,-0.009489659,-0.010826578,Asia,0.465738485,NA,NA
344,PI_682748,Malus sieversii,20.7583678,4.1465603,10.17244445,0.820371349,0.056766595,0.009307554,-0.003840322,-0.000712,0.011152382,-0.015172787,0.009761058,-0.004620417,Asia,0.407626733,NA,NA
345,PI_682773,Malus sieversii,16.59037375,3.767395312,7.919748844,0.868928126,0.000366,0.08413739,-0.053587231,-0.000929,-0.014112394,-0.011575911,0.012864428,0.003183134,Asia,0.475696311,NA,NA
346,PI_682798,Malus sieversii,56.01162853,6.607127014,15.52555489,0.885018038,0.01473754,0.025858142,-0.015942899,-0.011967754,0.022140373,-0.011182747,0.003822097,-0.015405818,Asia,0.425564629,NA,NA
347,PI_687694,Malus kansuensis,31.54833376,6.145690571,12.58163317,0.751053963,0.03569903,0.020552094,-0.003663832,0.061164123,0.030257531,0.028853722,0.000759,0.0116567,Asia,0.488465248,NA,NA
348,PI_687697,Malus angustifolia,14.78462232,3.820615116,6.631285192,0.889322215,-0.075579769,0.018624463,-0.050751381,0.006191059,-0.008174336,0.011175371,-0.009109183,0.000194,North America,0.576150023,NA,NA
349,PI_687702,Malus sargentii,19.8092483,5.449302352,7.470310603,0.820182355,-0.157849084,0.033347561,-0.044763594,0.069963428,0.003159942,-0.012599349,-0.00276603,0.023158138,Asia,0.729461282,NA,NA
350,PI_687711,Malus toringo,31.11208779,7.885681396,10.05346992,0.700816665,-0.242045755,0.001169507,0.135506742,-0.055033102,-0.067569063,-0.008624681,-0.019201847,0.025893171,Asia,0.784374098,NA,NA
351,PI_687712,Malus toringo,32.31193095,7.972514683,10.34282327,0.678959031,-0.21863661,0.044551403,0.109294925,-0.099555946,-0.067939502,-0.068757376,0.012206316,0.019979316,Asia,0.770825767,NA,NA
352,PI_687716,Malus angustifolia,26.23926089,5.418946686,8.386423434,0.895950354,-0.148348078,-0.005774034,-0.036755717,-0.001126262,-0.011603019,-0.00726467,0.001732102,0.006593277,North America,0.646157057,NA,NA
353,PI_687717,Malus angustifolia,17.07599045,4.204924996,7.109665004,0.901261577,-0.107443523,0.01594511,-0.034820524,0.012869199,0.000829,0.01101534,-0.012503217,0.003748697,North America,0.591437852,NA,NA
354,PI_687718,Malus angustifolia,25.08786091,5.341580334,8.219053857,0.887776101,-0.147105455,0.02545213,-0.042512048,0.011020207,-0.010654687,-0.003927158,0.001737704,0.002831861,North America,0.649902097,NA,NA
355,PI_687719,Malus angustifolia,16.70011646,4.481298633,6.544416604,0.897875106,-0.176696503,0.037386602,-0.025902096,-0.004030121,-0.012819074,-0.004051631,-0.00608868,0.013713003,North America,0.684751431,NA,NA
356,PI_687720,Malus angustifolia,24.20945829,5.259305265,7.959891996,0.902581564,-0.162830198,0.010260215,-0.032383918,-0.000278,-0.009738985,-2.74E-06,0.005839901,0.008067946,North America,0.660725707,NA,NA
357,PI_687721,Malus angustifolia,23.98632932,5.262129797,7.676048138,0.909136735,-0.179766502,-0.041786059,-0.028787016,-0.018158379,-0.005350733,9.25E-05,0.007531903,0.018021238,North America,0.685525899,NA,NA
358,PI_687722,Malus angustifolia,36.88867387,7.022246961,9.400669534,0.875386404,-0.215894181,0.030390318,-0.017906547,-0.052448838,-0.013725607,0.021231807,-0.009394407,0.018009158,North America,0.746994343,NA,NA
359,PI_687724,Malus angustifolia,28.48741926,6.036640404,8.387507844,0.884721714,-0.206783027,0.027280465,-0.026459014,-0.027262184,-0.016756064,0.027231503,-0.009864148,0.008356055,North America,0.719718004,NA,NA
360,PI_687727,Malus angustifolia,16.37424416,4.432995807,7.768046488,0.809083527,-0.100206395,-0.017031803,0.065866559,-0.040903865,-0.027207169,0.032058756,-0.006698123,-0.022540338,North America,0.570670607,NA,NA
361,PI_687735,Malus sieversii,28.63264037,4.306948171,12.38012788,0.871758603,0.090650971,0.021992464,0.00502113,-0.021809173,0.001039467,-0.010604517,0.012914841,-0.004698235,Asia,0.347892058,NA,NA
362,PI_691363,Malus coronaria,27.72606664,5.92463623,8.503185692,0.862633371,-0.175130566,-0.006815154,-0.037208582,-0.017051366,-0.012677036,-0.0075491,0.011694457,0.001311978,North America,0.696754892,NA,NA
363,PI_691364,Malus coronaria,16.58156668,4.175921855,6.672033863,0.871825603,-0.127824973,0.023830612,-0.031452468,-0.022382013,-0.001620247,0.001435887,-0.015092346,-0.000288,North America,0.625884392,NA,NA
364,PI_691365,Malus coronaria,18.16554503,4.155341064,7.363482869,0.916826542,-0.080968521,0.13954576,-0.045042514,-0.022877338,0.01376864,-0.02769017,-0.011255878,0.024065658,North America,0.56431734,NA,NA
365,PI_691366,Malus coronaria,12.09682002,3.139839921,6.469574336,0.884578494,-0.010254308,0.08768531,-0.032303563,-0.030473595,0.018128964,-0.025545303,-0.014934966,0.014871438,North America,0.485324035,NA,NA
366,PI_703084,Malus sieversii,23.12786942,4.280426038,9.299060562,0.901811705,-0.014311411,-0.011186072,-0.022806785,-0.004478265,0.01133223,0.007863829,0.001358565,-0.013103696,Asia,0.460307362,NA,NA
367,PI_703086,Malus transitoria,14.29538052,4.462070263,11.34756707,0.547288275,0.107794278,0.026291577,0.134742214,0.059932829,-0.003875637,-0.015773479,-0.005903552,0.024002654,Asia,0.393218232,Ploidy Level,Triploid
368,PI_703087,Malus transitoria,25.68212368,6.102898301,12.4732869,0.628923877,0.038142789,-0.005129123,0.086047,0.088309709,0.014951518,-0.017180539,-0.001497452,0.015095316,Asia,0.489277474,Ploidy Level,Tetraploid
369,PI_703088,Malus transitoria,14.97387418,4.922195583,10.3665522,0.572378525,0.049431801,-0.004491074,0.128670175,0.073287068,-0.017590124,-0.030793152,0.007742211,0.000838,Asia,0.474815106,Ploidy Level,Triploid
370,PI_703089,Malus transitoria,17.68047031,5.188734748,11.24539699,0.581292745,0.035446495,0.013836582,0.154971605,0.062387898,-0.027801779,-0.024024935,0.010643335,-0.01138113,Asia,0.461409655,Ploidy Level,Triploid
371,PI_703090,Malus transitoria,17.61339455,4.915308258,11.51614239,0.599683922,0.065885258,-0.000248,0.142135399,0.052898874,-0.019673335,-0.012555034,0.002043373,-0.006208044,Asia,0.42681899,Ploidy Level,Triploid
372,PI_703091,Malus transitoria,13.07202548,4.773381116,10.54115992,0.509712448,0.069533043,-0.005003462,0.152049253,0.079695686,-0.023580118,-0.008084891,0.003460108,0.00194343,Asia,0.452832625,Ploidy Level,Triploid
373,PI_703092,Malus transitoria,14.95388465,4.864668088,10.41784151,0.569911631,0.072584355,0.006583714,0.100612573,0.101781628,-0.014887831,-0.009598745,-0.002539242,0.017244801,Asia,0.466955471,Ploidy Level,Triploid
374,PI_703098,Malus toringoides,26.74069045,4.290659299,12.71821371,0.830396368,0.119152288,-0.026693017,0.011167025,-0.025231529,0.007330072,-0.006727098,0.018266264,0.011827,Asia,0.337363359,Ploidy Level,Tetraploid
375,PI_703099,Malus hupehensis,22.5452229,3.992020835,12.01912565,0.788773135,0.157362663,-0.005414509,-0.003806316,-0.00877138,-0.021869158,0.014497924,-0.012029023,0.011271471,Asia,0.332139038,Ploidy Level,Tetraploid
376,PI_703100,Malus kansuensis,15.77154212,3.785058266,9.395899027,0.769611603,0.108402369,0.000509,-0.014487434,0.011554224,0.006998834,0.004447255,-0.000326,0.012178213,Asia,0.402841522,Ploidy Level,Triploid
377,PI_703102,Malus toringoides,5.381639612,2.270709132,6.862757616,0.634936006,0.162144003,0.017535747,0.088874492,0.013173998,-0.001252256,0.012972439,-0.002516137,0.039544871,Asia,0.330874156,Ploidy Level,Triploid
378,PI_703103,Malus toringoides,8.059109414,3.056503468,8.360669948,0.590290068,0.140543177,0.031092677,0.101357613,0.054911532,-0.003375063,0.01286182,-0.001074032,0.034479829,Asia,0.365581166,Ploidy Level,Triploid
379,PI_703105,Malus toringoides,7.372883028,2.974976086,8.074728723,0.562725027,0.136594284,0.014578637,0.11238666,0.064801283,0.007299042,0.025666665,-0.012849238,0.041028525,Asia,0.368430468,Ploidy Level,Triploid
380,PI_703106,Malus toringoides,4.910186389,2.12902612,6.10905027,0.674656905,0.141108614,0.030022165,0.076107674,0.036311704,0.00388625,0.018457609,0.003939469,0.035415192,Asia,0.348503618,Ploidy Level,Triploid
381,PI_703109,Malus toringoides,8.775625938,2.984708521,8.651899914,0.620182502,0.147688276,-0.003710328,0.102967328,0.031585084,-0.007446737,0.008785386,-0.01188849,0.02634269,Asia,0.344977236,Ploidy Level,Triploid
382,PI_703110,Malus toringoides,8.376486588,2.931862991,8.491767052,0.626693307,0.160209637,0.021490207,0.078699484,0.024141178,-0.005017266,0.011275508,-0.011146321,0.031456869,Asia,0.34525947,Ploidy Level,Triploid
383,PI_703112,Malus hupehensis,20.2237955,3.903553017,10.46445914,0.821445016,0.115631144,-0.00498034,-0.021115388,-0.006142155,-0.017068434,0.003630407,-0.009491582,0.002097408,Asia,0.373029601,Ploidy Level,Tetraploid
384,PI_703113,Malus hupehensis,30.99065155,4.462591867,13.29305287,0.855115551,0.114206888,0.007930197,0.00338937,-0.026818192,0.000751,0.003790053,-0.001788984,-0.004598329,Asia,0.335708577,Ploidy Level,Tetraploid
385,PI_703115,Malus toringoides,5.929229233,2.605931374,6.379302347,0.651141908,0.07604558,0.031085096,0.099897388,0.055873424,-0.006278099,-0.004597293,0.010979149,0.004899328,Asia,0.408497863,Ploidy Level,Triploid
386,PI_703117,Malus hupehensis,28.61676832,4.513499991,12.61963483,0.821488293,0.125460533,0.002552913,-0.022070298,-0.002166561,-0.026014812,0.014086029,0.002646016,0.001591907,Asia,0.357656941,Ploidy Level,Tetraploid
387,PI_703118,Malus hupehensis,14.98244353,3.066111178,10.08874325,0.804233031,0.155254825,0.00545691,0.015049348,-0.024975344,-0.00644969,0.005692228,-0.013353128,0.010025151,Asia,0.303914085,Ploidy Level,Triploid
388,PI_703123,Malus toringo,19.52356479,5.485561795,9.50594165,0.689654808,-0.101710538,0.005673052,0.123883276,-0.000972,-0.041478812,-0.009566309,-0.000904,-0.043022054,Asia,0.577066639,Ploidy Level,Triploid
389,PI_703124,Malus toringo,23.41971092,5.017751964,10.219182,0.802473201,-0.02612296,-0.009589709,0.054492747,0.0198302,0.014420364,0.005936371,-0.010621653,-0.016543711,Asia,0.491013074,Ploidy Level,Triploid
390,PI_703125,Malus toringo,26.49756079,5.213194201,11.42655018,0.767987727,0.019691935,0.086077869,0.033130433,0.029583452,-0.002056425,-0.014114099,-0.008636013,-0.005877964,Asia,0.456235182,Ploidy Level,Triploid
391,PI_703126,Malus toringo,14.44307816,3.65972189,8.514934322,0.777576037,0.068816995,-0.019609162,0.006503669,0.028054774,-0.004744749,-0.001288273,-0.008328431,0.009373288,Asia,0.429800366,Ploidy Level,Triploid
392,PI_703127,Malus toringo,15.53971572,3.744516634,9.009459291,0.802431394,0.0508482,-0.016926262,0.033966715,0.001292312,0.00727504,0.002854101,-0.002016332,-0.013357559,Asia,0.415620573,Ploidy Level,Triploid
393,PI_703128,Malus toringo,22.66234301,4.401401493,10.91762312,0.792123677,0.074874588,0.000428,0.005530261,0.008299452,0.012231513,-0.002126892,-0.007965065,0.008084989,Asia,0.403146495,Ploidy Level,Triploid
394,PI_703129,Malus toringo,21.09181811,5.281838178,10.0710426,0.732790994,-0.063690987,0.012969138,0.11629393,0.017505451,-0.014071136,-0.009973022,0.00365323,-0.021276494,Asia,0.524457932,Ploidy Level,Triploid
395,PI_703130,Malus toringo,19.91706447,4.538380814,9.984424881,0.79102403,0.011235298,0.02050949,0.049385685,0.013942408,0.006434575,-0.006207275,0.000929,-0.008238084,Asia,0.454546042,Ploidy Level,Triploid
396,PI_703131,Malus toringo,20.69462263,5.508399629,9.679609969,0.723454544,-0.086728557,-0.017278031,0.114599814,0.023989628,-0.02266928,-0.022095586,0.015870562,-0.015383558,Asia,0.569072478,Ploidy Level,Triploid
397,PI_703132,Malus toringo,15.51618273,4.275975858,8.459706285,0.747063739,0.012628179,-0.004826015,0.024572021,0.045624847,0.002104556,0.000783,0.008556271,0.01404338,Asia,0.505452047,Ploidy Level,Triploid
398,PI_703146,Malus hupehensis,19.92734894,4.247053896,8.647277641,0.855206599,0.001019962,-0.030188778,-0.047948182,-0.005099838,0.000541,-0.013305281,0.009595418,0.002648751,Asia,0.491143464,Ploidy Level,Triploid
399,PI_703147,Malus hupehensis,19.22279448,3.950374324,8.803586298,0.865038751,0.032342233,0.00738049,-0.03953737,-0.010815978,-0.007977856,-0.011719688,-0.007271009,0.002932724,Asia,0.448723303,Ploidy Level,Triploid
400,PI_703148,Malus hupehensis,16.25417653,3.619333507,8.0754887,0.868981685,0.015117107,0.033056103,-0.035957551,-0.020393982,0.005429378,-0.021024213,-0.001753773,0.003031946,Asia,0.448187551,Ploidy Level,Triploid
401,PI_703161,Malus toringoides,17.50674075,3.923220005,10.37218548,0.750556323,0.122670276,0.01124722,0.007641005,0.006283006,0.015929425,0.010022945,0.002313037,0.01763985,Asia,0.378244297,Ploidy Level,Triploid
402,PI_703163,Malus toringoides,15.12207035,3.582537544,9.273258665,0.757776479,0.122920825,0.006846977,-0.015506197,0.003789102,-0.000983,0.008067072,-0.006649892,0.014958087,Asia,0.386329949,Ploidy Level,Triploid
403,PI_703165,Malus toringoides,24.647398,4.382526182,11.73586033,0.792507952,0.090719151,-0.026427295,0.015569006,-0.006738733,0.019667858,-0.004813305,0.00039,0.009653444,Asia,0.373430329,Ploidy Level,Triploid
404,PI_703166,Malus toringoides,10.26822723,2.796298049,7.674887113,0.806395061,0.118350306,0.006038238,-0.013074695,-0.002372751,-0.005990534,-0.002684462,-0.004297814,0.004122098,Asia,0.364343867,Ploidy Level,Triploid
405,PI_703167,Malus toringoides,16.08701943,3.587803077,9.621135801,0.789116739,0.123956003,0.009972284,-0.027144187,-0.00322045,-0.014922688,0.000246,-0.004408098,0.008995455,Asia,0.372908475,Ploidy Level,Triploid
406,PI_703169,Malus transitoria,7.941877919,2.871639535,8.622928389,0.574736117,0.168465713,0.0653112,0.106309896,0.046987589,0.027201017,0.052644405,-0.01388378,0.047806872,Asia,0.333023702,Ploidy Level,Diploid
407,PI_703170,Malus transitoria,16.65038385,3.6732927,8.715159568,0.849314925,0.054094437,0.030456147,-0.041265144,0.011669211,-0.008728791,-0.004806966,0.0314493,-0.009557455,Asia,0.421483126,Ploidy Level,Diploid
408,PI_703171,Malus hupehensis,10.53216593,2.812180565,6.129786846,0.882765474,0.012464599,-0.064021582,-0.036559418,-0.028823124,-0.002255917,-0.020833539,0.003563889,0.004906222,Asia,0.458772978,Ploidy Level,Triploid
409,PI_703172,Malus toringo,24.50629687,4.300324973,9.824929549,0.899916168,-0.004790758,0.02765749,-0.010051338,-0.045243456,0.027321995,-0.024208716,0.00055,0.005341174,Asia,0.437695248,Ploidy Level,Triploid
410,PI_703173,Malus toringo,24.47359958,4.442652312,9.594186594,0.906236655,-0.020226294,-0.008360774,-0.013835733,-0.036975793,0.031511071,-0.015110832,0.000668,0.003969637,Asia,0.463056693,Ploidy Level,Triploid
411,PI_703201,Malus sieversii,31.1940774,4.926519819,11.40600516,0.89563731,0.009210461,-0.010306976,-0.021164818,-0.012074138,0.016334291,0.00478708,0.00420738,-0.013109172,Asia,0.431923338,NA,NA
412,PI_703202,Malus sieversii,41.81623229,5.937511466,12.56058695,0.90894975,-0.044701345,0.009707899,-0.013443286,-0.013995158,0.023277655,-0.002636359,0.006566227,-0.009035983,Asia,0.472709714,NA,NA
413,PI_703204,Malus coronaria,18.5311829,4.462996825,8.499548412,0.814449874,-0.030691591,-0.007426772,-0.018868776,0.031808344,0.009548112,-0.017319174,-0.016448556,0.015875935,North America,0.525086347,NA,NA
414,PI_703205,Malus coronaria,46.68274599,6.595341394,13.02034429,0.852260904,-0.020303695,-0.012993825,-0.048961123,0.008763764,0.010842077,-0.005636927,-0.011328137,-0.006198494,North America,0.506541244,NA,NA
415,PI_703206,Malus coronaria,39.90811007,6.668354512,13.05984371,0.794373632,-0.026002502,-0.034766016,0.00914354,0.026269816,0.017643836,0.003936541,-0.000461,-0.019516802,North America,0.510599871,NA,NA
416,PI_703207,Malus coronaria,30.38025116,5.371446704,11.04520013,0.852366635,-0.021973575,0.011981915,-0.027230631,0.019926942,0.029575627,0.01313784,-0.006386983,-0.017524328,North America,0.486315018,NA,NA
417,PI_703209,Malus sieversii,40.7011639,5.842359338,13.48041945,0.867276647,0.020346613,-0.015630079,-0.012078949,-0.004217279,0.028850965,-0.004225781,0.014345771,-0.013842077,Asia,0.433395961,NA,NA
418,PI_703211,Malus sieversii,32.64566838,5.501125787,10.38775935,0.910816693,-0.059829481,0.015948855,-0.050912086,0.004675941,0.004242099,-0.00394319,0.010097578,-0.005389748,Asia,0.529577708,NA,NA
419,PI_703212,Malus sieversii,39.34135312,5.640238296,13.32713399,0.878186121,0.019335173,-0.031431505,0.001108446,-0.014513997,0.03577772,-0.004540214,0.001301293,-0.009385925,Asia,0.423214646,NA,NA
420,PI_703213,Malus sieversii,32.01712054,4.957364804,11.53098228,0.89570616,0.008013017,0.019522592,-0.021820916,-0.01461872,0.017040225,-0.001532199,0.00735479,-0.012670734,Asia,0.429916956,NA,NA
421,PI_703214,Malus sieversii,31.08372355,4.511081237,12.01052791,0.914828209,0.031117616,-0.004778473,0.018159791,-0.04734762,0.035021226,-0.005811203,0.003572133,-0.006500848,Asia,0.375593918,NA,NA
422,PI_703215,Malus sieversii,18.19359828,3.447951226,10.17676606,0.832510871,0.126970651,0.066738655,-0.01010448,-0.018167085,-0.026457503,0.018684371,0.013867127,0.004935229,Asia,0.338806179,NA,NA
423,PI_703216,Malus sieversii,44.56764257,6.125645286,13.55158683,0.869555419,0.008700059,0.017862088,-0.032655191,-0.000456,0.007761963,-0.012303709,0.003991072,-0.007259693,Asia,0.452024207,NA,NA
424,PI_703218,Malus sieversii,43.66872609,5.708374021,15.0228455,0.85296969,0.073288603,-0.004119615,-0.003767035,-0.007890463,0.010571018,-0.017504803,0.001488627,-0.011326625,Asia,0.379979547,NA,NA
425,PI_703221,Malus sieversii,35.42307043,5.378162008,11.62956453,0.881349617,-0.006716404,0.025024251,-0.041222747,-0.000182,0.001342937,-0.011115218,-0.002263805,-0.014413232,Asia,0.46245601,NA,NA
